case,vpc_uid
test_example_delivery_not_found,THE_VOID
test_ivt_user_agent_valid,CKU8QRBK156H3F4DDLQ0I38H1O
test_ivt_device_id_blocked,P1JGG90P1T1EH9O84GCGVON85G
test_ivt_ipv4address_valid,1IFD7G19494GV7MJO0KI4M8FQG
test_ivt_ipv6_valid,K2S9QJH96D7MTE4T9OKJ7FRECS
test_ivt_privacy_law_and_device_id,7U0DNACL2T21906RL6AHFL0KAS
test_ivt_device_id_valid_below_threshhold,VMH5A7AJHT7DB8IL3L9OVNMLD4
test_ivt_user_agent_invalid,FET07480GP6I9EG3I408DN94OC
test_ivt_ipv6_blocked,S1PSIO0PMT3SNCU9C0CRFPUB7G
test_ivt_device_id_valid,U2LQ4E1AV15UDAT270LFHAV6TC
test_ivt_ipv4address_invalid,9L7VDD2K1507H3VMMHA0I83OA4
test_ivt_ipv6_valid_belowthreshhold,P9BEM3O84114N5NB1S4214IB2K
test_ivt_ipv4address_threshold_valid,MA5P45IJ1T77P2SI2P9GURJS58
test_insertionOrder_player_custom_size_targeting,R7MMT7RNL92RPBBEJTRQL5DSE8
test_insertion_order_targeting_blocked_app_id,PJ0OHRTI155OF0C8TUP0JIS7QS
test_insertionOrder_player_small_size_targeting,6972TTMK215LD3HEURA10MQMR8
test_insertion_order_player_size_targeting_filtered,Q6T6J36K551RHEJ9HJA2IGTOR4
test_insertion_order_targeting_allowed_app_id_filtered,CN8U2QFCQ137R4F1D7MD0DJTMS
test_insertion_order_player_custom_size_targeting_filtered,1O0G5UGMI94UT082V8B952FEOK
test_insertion_order_targeting_blocked_app_name_filtered,HN2VNMU8ET7EL1FRRF47F7NA7O
test_insertion_order_targeting_allowed_app_id,HN9VD29OE53B54VMH4S73TLIRS
test_insertion_order_player_custom_size_targeting,TEMGDJ9DRH0F1B86PKMTOC7GN8
test_insertionOrder_player_size_targeting_filtered,FL7CRLKLPT27D3MDQQASU93M70
test_insertion_order_targeting_blocked_app_name,K4V2KF37I53J3FHA7HJP2TPHI4
test_insertion_order_player_small_size_targeting,6QIJS9QFHH7VT99U4T7OOFVU94
test_insertion_order_targeting_allowed_app_name_filtered,7L39GI31BD7KP1KO91GLMNQCVS
test_insertion_order_targeting_allowed_app_name,CCJNS7KCKH4319RU3Q6A921GLC
test_insertionOrder_player_custom_size_targeting_filtered,6U7UI3M4VD6NB3V91R2FNNBLAO
test_campaign_player_custom_size_targeting_filtered,FKG7B7PLJ56NP83LJSQPIFBS7C
test_campaign_targeting_allowed_app_id,FEC2CEE3T558D616771UIMK69G
test_campaign_player_large_size_targeting,RC8UUC178D34N4FF60JK7PIBVG
test_campaign_targeting_blocked_app_id,O7SVTEC1KP3JNEFUN60QCTPRU4
test_campaign_targeting_blocked_app_id_filtered,MELCUT2R9P6MNAMFEHDKTFBB3C
test_campaign_targeting_allowed_app_name_filtered,80I3DU1KAH1HF91MV0Q59GONBK
test_campaign_player_small_size_targeting,CG17I817HD2QN0JP40JOMTDBFK
test_campaign_player_custom_size_targeting,E29KNS6KN11354QBU3ABHGHI7G
test_campaign_targeting_allowed_app_name,FJ4C0UHF7H40R260F8NJOE0D9K
test_campaign_targeting_allowed_app_id_filtered,I8HHSP0OK16QJ8OUCGCA1VD9R4
test_campaign_targeting_blocked_app_name_filtered,2BB5EDHSST1CN5IN6OUEE8MBP8
test_campaign_player_size_targeting_filtered,V1QUPH0TDL06PDFCOGEMR43CP8
test_campaign_targeting_blocked_app_name,LJBK44VI694635Q22FP35631T0
test_open_auction_seat_in_bid_request_rtb_2_6_with_2Bseats,217I2HJ54T4TH3P18PIIFUEOEG
test_bid_request_id,IF86T6CL8P07343EJ6AKCO3HA8
test_open_auction_seat_in_bid_request_rtb_2_5,J0TVGR5SMT1F1EVODIUBE8NGMG
test_open_auction_seat_in_bid_request_rtb_2_6_with_2seats,9TECRRNM856KJ76DTRR42VA9N8
test_open_auction_seat_in_bid_request_rtb_2_6,2VJU48GTT14939V248EUGQ4HOG
test_open_auction_seat_in_bid_request_rtb_2_5_with_2Bseats,IQ0FHIE5R163F07OP72THB1NOK
test_open_auction_seat_in_bid_request_rtb_2_3_with_2seats,5DSB3LOD6D1BHE5HQS6J7KLO8O
test_open_auction_seat_in_bid_request_rtb_2_3_with_2Bseats,L3P2UKK8A1003CHFAA451S0148
test_open_auction_seat_in_bid_request_rtb_2_3,G0SV15QL79487EFGITAJKA43MK
test_open_auction_seat_in_bid_request_rtb_2_2,H4574PHOVT2NP2JICOSFV5BSTO
test_open_auction_seat_in_bid_request_rtb_2_2_with_2seats,LAKCJFG5EP6P3A69NO2NDJCHCO
test_open_auction_seat_in_bid_request_rtb_2_5_with_2seats,321GB3KG517C10O5HQ82G7M058
test_open_auction_seat_in_bid_request_rtb_2_4,TGI0DROA5H2PJ906TS52OTCPOG
test_open_auction_seat_in_bid_request_rtb_2_2_with_2Bseats,5RTJQMUSGH5NJEPTBFE88ARPB0
test_open_auction_seat_in_bid_request_rtb_2_4_with_2seats,GLNI3AB3JD23PBP1L5HPN51STS
test_open_auction_seat_in_bid_request_rtb_2_4_with_2Bseats,HU8T663NLP4D54EJ31RQTI6I88
test_bid_request_geo_targeting_for_country_argentina_pincode_villadelrosario_5963_rtb23_valid,C21SPU9MRD2BD0UCV4RDM55MJ0
test_bid_request_geo_targeting_ctv_rtb23_country_canada_state_ontario_city_toronto_postalcode_M6H_negative,P69UBNQ2KT2KP4V5RT1AE9ACOK
test_bid_request_geo_targeting_ctv_rtb26_country_canada_negative,PHLUJTEG8L50TAV9UN84B6GE14
test_bid_request_geo_targeting_ctv_rtb22_country_canada_state_ontario_valid,AB95G8N2DD35N4IO4BH6MDIR28
test_bid_request_geo_targeting_for_country_argentina_city_villadelrosario_rtb23_valid,D27VLU18GD1R93VQV0K86OTKU0
test_bid_request_geo_targeting_for_countries_argentina_states_cordoba_rtb25_valid,BTMJ1EMJ2P0MBB9GNB9HDSB55S
test_bid_request_geo_targeting_ctv_rtb22_country_canada_valid,OFDM0UABG94A96R0F55O5U54C4
test_bid_request_geo_targeting_for_country_usa_kansas_dma_rtb25_negative,CGB5QLBS811BT5ITALU410LU74
test_bid_request_geo_targeting_ctv_rtb24_country_brazil_state_bahia_negative,T6NJCNGMAP6JVBPMBOB5CR9VT4
test_bid_request_geo_targeting_ctv_rtb25_country_mexico_state_jalisco_city_guadalajara_valid,IRTN8QNT354U1ERKDBUHIIF03O
test_bid_request_geo_targeting_for_country_argentina_state_cordoba_city_villadelrosario_pincode_5963_rtb24_invalid,NUK6FAH85L2BPA37L8K2QP5SJC
test_bid_request_geo_targeting_for_country_argentina_rtb26_valid,GKUH8FT43P5V7F8K7UI1S6VJQK
test_bid_request_geo_targeting_for_country_argentina_city_villadelrosario_pincode_5963_rtb25_invalid,8RP1O16HKT2ULCGS0J8QF1FAHK
test_bid_request_geo_targeting_ctv_rtb26_country_brazil_valid,SDJ0D33JUH04N9G6HHPV942B6O
test_bid_request_geo_targeting_ctv_rtb25_country_mexico_state_jalisco_city_guadalajara_negative,NP01IIJCF93GT00P99M7L9OE9C
test_bid_request_geo_targeting_for_countries_canada_states_ontario_rtb24_valid,264538OA2143V22HKC511M1VE0
test_bid_request_geo_targeting_ctv_rtb23_country_canada_city_toronto_negative,HV0D9L2TFL21906KQHENR10KIC
test_bid_request_geo_targeting_ctv_rtb24_country_mexico_state_jalisco_city_guadalajara_negative,U1P2Q66UC52STCHD33F62LEEBS
test_bid_request_geo_targeting_ctv_rtb25_country_mexico_state_jalisco_negative,V4AMK033017FF5BA01HG17NN6G
test_bid_request_geo_targeting_ctv_rtb26_country_canada_state_ontario_valid,9JTR3AULJ95S1ETHLFAPKAU0OC
test_bid_request_geo_targeting_for_country_usa_kansas_lawrence_rtb24_negative,UMFM534RHT1LL7R2HIDOU8QQI8
test_bid_request_geo_targeting_for_country_usa_kansas_dma_rtb25_valid,LKABL9DIR56MN55QKMPDIJBB2S
test_bid_request_geo_targeting_for_country_argentina_state_cordoba_city_villadelrosario_rtb22_invalid,AR39O310KP7F91KS1GGAD3NKRK
test_bid_request_geo_targeting_for_country_usa_kansas_rtb23_negative,IP19PI30JL26R0KSP1G9QT3D3S
test_bid_request_geo_targeting_for_countries_argentina_states_cordoba_rtb23_valid,QCEQSRE3MT0CL7DEDN1RES6AV8
test_bid_request_geo_targeting_for_country_usa_kansas_lawrence_rtb23_negative,Q1DQNGK7BH4BP6TBOA3LP65SJG
test_bid_request_geo_targeting_ctv_rtb22_country_mexico_state_jalisco_city_guadalajara_valid,ALBSGFD8312QP5U87MK1G5DCEC
test_bid_request_geo_targeting_for_country_argentina_state_cordoba_city_villadelrosario_pincode_5963_rtb23_valid,M88LNLJ8L17KV4ARQPKAHFQFVS
test_bid_request_geo_targeting_for_countries_argentina_states_cordoba_rtb22_invalid,HLVAEGSAK950BFL78E5A46G5ES
test_bid_request_geo_targeting_for_country_argentina_city_villadelrosario_pincode_5963_rtb22_invalid,GDLBUIFVPH0UVALV97VSPSFFL4
test_bid_request_geo_targeting_for_country_usa_kansas_rtb22_negative,7EUPPE6TCT75VFCSN3EMENIVQO
test_bid_request_geo_targeting_ctv_rtb26_country_canada_state_ontario_negative,LVE61QHPM10IH730T8SR0098VC
test_bid_request_geo_targeting_ctv_rtb25_country_mexico_negative,R5M63LSNQ53CNB31QUBT2PMBH4
test_bid_request_geo_targeting_ctv_rtb26_country_brazil_negative,HJ5COS6EC537B2MCE37621JL24
test_bid_request_geo_targeting_for_countries_argentina_states_cordoba_rtb25_invalid,HVTVON45CP2GDEVSBI2MDH8640
test_bid_request_geo_targeting_for_country_argentina_rtb24_valid,VGMLV90ACD315BAVKG567LGIRG
test_bid_request_geo_targeting_for_country_argentina_pincode_5963_rtb24_invalid,07MDIPAQSH4MHB6PCLDE8EB82G
test_bid_request_geo_targeting_for_country_argentina_state_cordoba_rtb24_invalid,9QK5MV1TKL36LA2RFGUQBPJA88
test_bid_request_geo_targeting_for_countries_canada_states_ontario_rtb25_invalid,EM8NNB5JFD2FJ4BRLIPNMT7PSS
test_bid_request_geo_targeting_for_country_usa_kansas_postal_code_66047_rtb25_valid,82VSKVPR713PRFUAFSTJHDSTPG
test_bid_request_geo_targeting_for_country_usa_kansas_postal_code_66047_rtb25_negative,DJSP1MKV7D3FBECGRAFJMHNL2O
test_bid_request_geo_targeting_for_countries_argentina_states_cordoba_rtb24_valid,R9OB01AU49697C5G0LF24N4JPS
test_bid_request_geo_targeting_ctv_rtb24_country_mexico_state_jalisco_valid,PIJ445DB4D4VD9I22MLI7UFM3O
test_bid_request_geo_targeting_for_country_argentina_rtb22_valid,HCA2T86VHL1UJ51EK3FORGV9N4
test_bid_request_geo_targeting_for_country_argentina_state_cordoba_city_villadelrosario_pincode_5963_rtb26_invalid,N3R364K12T399DHJ2A0HFLKKDS
test_bid_request_geo_targeting_for_country_argentina_state_cordoba_city_villadelrosario_pincode_5963_rtb24_valid,88MPDBS3SH3N5BCMLU1U8DRIJ8
test_bid_request_geo_targeting_for_country_argentina_state_cordoba_city_villadelrosario_rtb23_valid,U3A9TKHR157LV54UQ8TGIRQVAG
test_bid_request_geo_targeting_for_countries_canada_states_ontario_rtb22_invalid,3S5UK493GD7O52VA24HO7RS2U8
test_bid_request_geo_targeting_for_country_usa_rtb26_negative,BPNHFMDCB1301BONR6M5G1G0KC
test_bid_request_geo_targeting_ctv_rtb22_country_brazil_state_bahia_valid,3UQKLDEFVH6N7DAAMN7VPNBJHO
test_bid_request_geo_targeting_ctv_rtb23_country_canada_negative,A20A2MTEH525R051BEN8I92T0K
test_bid_request_geo_targeting_for_country_argentina_state_cordoba_rtb22_invalid,IUKH52TU9L43HA8IHEV4QU1OFC
test_bid_request_geo_targeting_for_country_argentina_state_cordoba_city_villadelrosario_rtb26_invalid,VQFEKN6PMT5G37NABJCRFMO170
test_bid_request_geo_targeting_for_country_usa_kansas_postal_code_66047_rtb26_valid,C3TQD1IA7T1VJET6GP53VGVP5O
test_bid_request_geo_targeting_for_country_argentina_state_cordoba_rtb26_invalid,OM3N0CGR354SF1RG68DHIME7L4
test_bid_request_geo_targeting_ctv_rtb25_country_brazil_state_bahia_negative,FNFDNABNPH1JT7MRL5RSPKPUD0
test_bid_request_geo_targeting_for_country_argentina_city_villadelrosario_rtb24_invalid,OCC3QVDI4P79F61TFMP2D7KNVC
test_bid_request_geo_targeting_for_country_usa_kansas_dma_rtb24_valid,BMMNMME7SL7BLBBRB73UAVLQT0
test_bid_request_geo_targeting_ctv_rtb24_country_mexico_state_jalisco_city_guadalajara_valid,QPG4F7J4HP5KT827JPI8TQQE2K
test_bid_request_geo_targeting_for_country_usa_kansas_postal_code_66047_rtb24_negative,SI09H28O0108V04OH4C00C4FRS
test_bid_request_geo_targeting_for_country_argentina_city_villadelrosario_rtb26_valid,E2TQ76Q2DP1F1ET3JD16T4NG94
test_bid_request_geo_targeting_ctv_rtb22_country_mexico_state_jalisco_valid,51R7P39RP51OPDJSHKTSIKSCO4
test_bid_request_geo_targeting_for_country_argentina_state_cordoba_rtb25_valid,1FE95JU1951KN74IPV0KISQB0G
test_bid_request_geo_targeting_for_country_argentina_city_villadelrosario_rtb22_invalid,22M11PFQGD3ORB0GSNT865SD98
test_bid_request_geo_targeting_for_country_argentina_rtb25_valid,31CU6AUAPT5DF6F35F5CVUMNRC
test_bid_request_geo_targeting_for_country_usa_kansas_rtb26_valid,J3JCOULHMP2P19MCFAORDPCGAS
test_bid_request_geo_targeting_ctv_rtb24_country_canada_state_ontario_city_toronto_postalcode_M6H_negative,LEGNUGPTAP14H8BV8CULD0I870
test_bid_request_geo_targeting_ctv_rtb25_country_brazil_state_bahia_valid,J681DFATNH6DB40MNLERPN6L38
test_bid_request_geo_targeting_for_country_usa_rtb22_negative,U5A8D30DJP4BN546HG6PS25RPO
test_bid_request_geo_targeting_for_country_usa_kansas_dma_rtb23_negative,QKQCKQUGKD0BLD6ADF8A7C5QRK
test_bid_request_geo_targeting_ctv_rtb25_country_canada_state_ontario_negative,EIGI62R4HL4278931DI8Q613Q4
test_bid_request_geo_targeting_for_country_argentina_state_cordoba_rtb25_invalid,DLO83RR7R9533C41TTJTK2HHBC
test_bid_request_geo_targeting_for_country_argentina_pincode_villadelrosario_5963_rtb22_invalid,PJDQ067DUL6ON6T033MVAFCBSS
test_bid_request_geo_targeting_ctv_rtb25_country_canada_valid,N7497BAM1H2J724JLLB0PP9JU0
test_bid_request_geo_targeting_for_countries_canada_states_ontario_rtb25_valid,I87V8GLA7H0AH3VK8AL3O0587K
test_bid_request_geo_targeting_for_country_argentina_rtb26_invalid,7UPKBHMVV90NPCQ5ORFVKKBS2G
test_bid_request_geo_targeting_for_countries_argentina_states_cordoba_rtb26_invalid,GFR8QCH28L0K1DKD68H4B8A0RK
test_bid_request_geo_targeting_ctv_rtb24_country_canada_negative,DNPQDD2TU57F7CT6MHEV3NNJKS
test_bid_request_geo_targeting_for_country_argentina_city_villadelrosario_pincode_5963_rtb24_invalid,OSA7HVENC91G753OVNBM5GO3B4
test_bid_request_geo_targeting_for_country_argentina_pincode_villadelrosario_5963_rtb22_valid,1F4N6NVU1T7BT2BJBVV0VRLUPG
test_bid_request_geo_targeting_ctv_rtb25_country_canada_state_ontario_city_toronto_postalcode_M6H_negative,2I412N3IBH2N120HBHP5O9BGEK
test_bid_request_geo_targeting_ctv_rtb23_country_canada_state_ontario_negative,HVAB48S79H7E955I4E3KPVN4DO
test_bid_request_geo_targeting_ctv_rtb26_country_canada_state_ontario_city_toronto_postalcode_M6H_negative,IM51EO8ADP23V2GNC456SH1V1S
test_bid_request_geo_targeting_ctv_rtb26_country_brazil_state_bahia_valid,D6D7M31UDP3PV6JR1GV6TPSVCS
test_bid_request_geo_targeting_ctv_rtb24_country_canada_city_toronto_valid,LHEHDNCLP576B78MRMASJNJ5CS
test_bid_request_geo_targeting_ctv_rtb23_country_mexico_state_jalisco_city_guadalajara_negative,LAVD6S6F317LPFMJE37HHBQSRS
test_bid_request_geo_targeting_ctv_rtb23_country_canada_valid,FPVSA4R8AT2MJFU52DK5E1B934
test_bid_request_geo_targeting_for_country_usa_kansas_postal_code_66047_rtb22_valid,4A8C8BB1HH7SL4645LGOOFUAKC
test_bid_request_geo_targeting_ctv_rtb22_country_brazil_valid,FC90M3BDO95NT4GB1LMS4QRU3O
test_bid_request_geo_targeting_for_country_usa_kansas_dma_rtb23_valid,TVNERI5EAH5JVBNDP2N58APVOC
test_bid_request_geo_targeting_ctv_rtb24_country_mexico_valid,T7R1RVN1K97K3DGTVRGQ5BQ16S
test_bid_request_geo_targeting_for_country_argentina_pincode_villadelrosario_5963_rtb25_valid,15L4K3O0K9029AIA1S0A4C142C
test_bid_request_geo_targeting_for_country_usa_kansas_rtb23_valid,DMK1QEOC257BRA0T7C612VLTN8
test_bid_request_geo_targeting_for_country_argentina_rtb23_valid,6E3SJK6CD13E51U9Q366HPN280
test_bid_request_geo_targeting_for_country_usa_rtb24_valid,54KIN553AD267A9BIIHL7H33CO
test_bid_request_geo_targeting_ctv_rtb26_country_mexico_valid,6E50EOEQJ978T2G7C7D9KBKE1K
test_bid_request_geo_targeting_for_countries_canada_states_ontario_rtb26_invalid,EHIGK5JFKL6EB98A2PNQAB75SS
test_bid_request_geo_targeting_ctv_rtb22_country_mexico_negative,QUG99N1P315FB84KRGSHHENL9K
test_bid_request_geo_targeting_ctv_rtb24_country_canada_state_ontario_negative,0E6NVB0K711B13BVLGA3H0LGAG
test_bid_request_geo_targeting_for_country_argentina_pincode_villadelrosario_5963_rtb25_invalid,AVUCGSDNU152PF68E6RV1QHC3G
test_bid_request_geo_targeting_for_country_usa_rtb24_negative,SH3IN7TMGT0RD1PBJUR8EGDMU4
test_bid_request_geo_targeting_ctv_rtb23_country_brazil_negative,001U6R2A993U10V3DH54K1V0I0
test_bid_request_geo_targeting_ctv_rtb24_country_mexico_state_jalisco_negative,2677DM33D50373JMR1HMJ81JFC
test_bid_request_geo_targeting_ctv_rtb22_country_mexico_state_jalisco_city_guadalajara_negative,M1UM8QE2JT7JDFB4D719VBPMVG
test_bid_request_geo_targeting_ctv_rtb24_country_brazil_valid,FKRMSO9ETT6J5DREC4NEUV9I5O
test_bid_request_geo_targeting_for_country_argentina_state_cordoba_rtb24_valid,TCIMHLAJC54T59B8QL9M3QEI9G
test_bid_request_geo_targeting_for_country_argentina_pincode_5963_rtb25_valid,UNSIQV0GKD7T1E9DFG8A6FUG1O
test_bid_request_geo_targeting_ctv_rtb26_country_mexico_state_jalisco_valid,4TEB1BQPFT49175GLTCNUQ4GEO
test_bid_request_geo_targeting_ctv_rtb22_country_brazil_state_bahia_negative,BJF6HE4BPT3NV7J8N25SV5RVRK
test_bid_request_geo_targeting_ctv_rtb24_country_brazil_negative,J2H9N86B3L32P8KRK35HQ5HC0C
test_bid_request_geo_targeting_for_country_argentina_city_villadelrosario_pincode_5963_rtb26_valid,OUG2FHKQL17U1817OQDAHVV03K
test_bid_request_geo_targeting_ctv_rtb26_country_mexico_negative,P2TACBVLGD4MDEL65VQO7MB60O
test_bid_request_geo_targeting_ctv_rtb24_country_canada_state_ontario_valid,TFEJN2AF6D5D779RH57J6EMJD0
test_bid_request_geo_targeting_for_country_argentina_pincode_villadelrosario_5963_rtb26_valid,G9EQ3QHHV502N7D1T8OVIK1B48
test_bid_request_geo_targeting_ctv_rtb23_country_mexico_state_jalisco_negative,4DC1OH5BJL4DJ60S8ILPQA6PTK
test_bid_request_geo_targeting_for_country_argentina_state_cordoba_city_villadelrosario_rtb24_valid,GNHLHKVBK92M38QOQFLQ59B18C
test_bid_request_geo_targeting_for_countries_canada_states_ontario_rtb26_valid,DNN79VDB694ODBJKVMLJ5EC6GC
test_bid_request_geo_targeting_for_country_argentina_rtb22_invalid,3TKBMOCB011QRA5RC65G00TD9K
test_bid_request_geo_targeting_for_country_usa_kansas_rtb25_valid,J1EF1JORQP4QP77GPSDTDEDC5O
test_bid_request_geo_targeting_ctv_rtb26_country_mexico_state_jalisco_city_guadalajara_negative,9NQJ7D0ROH38HD9JMGDS9DK8P4
test_bid_request_geo_targeting_for_country_argentina_pincode_5963_rtb26_invalid,2M3S53VUKD3PB1U2HVVA75SLNC
test_bid_request_geo_targeting_ctv_rtb25_country_canada_city_toronto_negative,QUBOMERC2H0AT5SB7DM19S5E3S
test_bid_request_geo_targeting_for_country_usa_rtb22_valid,NBJFNAK7N50DR9NRLA3RJS6T64
test_bid_request_geo_targeting_for_country_argentina_state_cordoba_rtb23_valid,S6TP88A2FT58TESK4517UAKEM8
test_bid_request_geo_targeting_for_country_argentina_state_cordoba_city_villadelrosario_rtb23_invalid,70D0B1JOH53A76G5GPS8J5L3OO
test_bid_request_geo_targeting_ctv_rtb24_country_mexico_negative,CARNHOU8C902NDROSF464S1BQ8
test_bid_request_geo_targeting_for_country_usa_rtb23_negative,402PS1V8BL6OB1CU0VK5QFC5GG
test_bid_request_geo_targeting_for_country_argentina_pincode_cordoba_5000_rtb23_invalid,NKL7RLSVCH4ATAJTQUFM965EPG
test_bid_request_geo_targeting_for_country_argentina_state_cordoba_city_villadelrosario_pincode_5963_rtb22_invalid,C795HNFF0H47B4IORNNG9U3LLO
test_bid_request_geo_targeting_for_country_usa_kansas_lawrence_rtb23_valid,FKH8DQBKCL1PR8K6T5Q6A0STPK
test_bid_request_geo_targeting_for_country_argentina_city_villadelrosario_rtb22_valid,0SAN7I4NAD4175BJP2BL7E0JLO
test_bid_request_geo_targeting_for_country_usa_kansas_rtb24_valid,5DMTI8RJKH7NBBEP4DPQ9VRLQO
test_bid_request_geo_targeting_for_country_usa_kansas_lawrence_rtb25_valid,EP65HT729D49132OUJH4NE4G94
test_bid_request_geo_targeting_for_country_argentina_city_villadelrosario_pincode_5963_rtb25_valid,2ACNAG2ASL6796BL815EAV3KAO
test_bid_request_geo_targeting_ctv_rtb24_country_canada_state_ontario_city_toronto_postalcode_M6H_valid,RLEDC1IT0960V76M0PEG5V0FV8
test_bid_request_geo_targeting_for_country_argentina_pincode_villadelrosario_5963_rtb23_invalid,OCUI0OI90H5F7F90C94G9UNJDC
test_bid_request_geo_targeting_ctv_rtb26_country_brazil_state_bahia_negative,1EGB3AUGOT0S585HLF8CFCE2DK
test_bid_request_geo_targeting_for_country_argentina_pincode_5963_rtb23_valid,NFPJ54KFN94IVCPIIA7RLQ9FDS
test_bid_request_geo_targeting_for_country_usa_kansas_rtb25_negative,MHB62V2M1T5BT5J1FHB0UILUKG
test_bid_request_geo_targeting_for_country_argentina_pincode_cordoba_5000_rtb24_valid,ALAQ0KUEIH75F5D0AF798FIN6K
test_bid_request_geo_targeting_ctv_rtb24_country_canada_city_toronto_negative,7VSGQV36MT4MPE8DFHJBFMBC3G
test_bid_request_geo_targeting_for_country_argentina_state_cordoba_city_villadelrosario_rtb26_valid,3LH827RABT5O98K13TL5UIS40K
test_bid_request_geo_targeting_for_country_argentina_state_cordoba_city_villadelrosario_rtb22_valid,VU0G1U9Q6536P080V4T339JCDK
test_bid_request_geo_targeting_ctv_rtb26_country_mexico_state_jalisco_negative,TR0UUITDR52LN0FF9EMTJ1AR0G
test_bid_request_geo_targeting_ctv_rtb25_country_canada_city_toronto_valid,76LVDHILK930JAVMOPAQ4TG924
test_bid_request_geo_targeting_for_country_argentina_pincode_cordoba_5000_rtb24_invalid,HUVF9QBDN14PNFNKT5MRGQCRTC
test_bid_request_geo_targeting_for_country_argentina_city_villadelrosario_rtb24_valid,K0NQRUAISP7HLBTDV59ECBOQSC
test_bid_request_geo_targeting_for_countries_argentina_states_cordoba_rtb22_valid,Q5656JNSNP11T32J9RUBTOGUCS
test_bid_request_geo_targeting_ctv_rtb23_country_canada_city_toronto_valid,P0E0MV5RJT1IN70BFITPV4PBF4
test_bid_request_geo_targeting_for_country_argentina_pincode_cordoba_5000_rtb25_valid,AH6Q0I3CU57V73D091MF3FVJRG
test_bid_request_geo_targeting_ctv_rtb22_country_brazil_negative,38S7BKEDB969JE3LQ76LKB4P4S
test_bid_request_geo_targeting_for_country_usa_kansas_dma_rtb24_negative,N229BRIHA56V114LTP8L3NFGS0
test_bid_request_geo_targeting_for_country_argentina_pincode_5963_rtb23_invalid,TJN25RU5IH6T1BH2TV2P87EGO0
test_bid_request_geo_targeting_for_country_argentina_state_cordoba_pincode_5963_rtb23_invalid,D2L9JOUTAL6QHAKPSFELBND8U4
test_bid_request_geo_targeting_for_country_argentina_city_villadelrosario_rtb26_invalid,TFNI7B0RPH5JJBP3LGDSPAPPGO
test_bid_request_geo_targeting_for_countries_canada_states_ontario_rtb24_invalid,BUMRG2E6VH1SDBDO173FP4U63S
test_bid_request_geo_targeting_ctv_rtb26_country_canada_valid,Q8B2IUM5GH7JD5H9FB2O93PM3K
test_bid_request_geo_targeting_ctv_rtb22_country_canada_negative,ATPHLK46D96DJCOQQ236LN6P4C
test_bid_request_geo_targeting_ctv_rtb26_country_canada_city_toronto_valid,HGMTFAVRBL2IDBENLFTLQ5963G
test_bid_request_geo_targeting_for_country_argentina_pincode_5963_rtb25_invalid,IMUAAPNUOH4S9F55CRVC92E4UG
test_bid_request_geo_targeting_ctv_rtb23_country_brazil_valid,65JEMSU3OL51V9NBEF1SAMGVH4
test_bid_request_geo_targeting_for_country_usa_rtb25_valid,OCO6DIPRR530NC36PCTTJLGBMK
test_bid_request_geo_targeting_for_country_usa_kansas_dma_rtb22_valid,NL0AH4UQU10C3058IFDF1461DK
test_bid_request_geo_targeting_ctv_rtb22_country_canada_state_ontario_city_toronto_postalcode_M6H_valid,8G7BKQ1J957153LQD0PKI7GIQ8
test_bid_request_geo_targeting_ctv_rtb23_country_canada_state_ontario_city_toronto_postalcode_M6H_valid,PHN0PVCMTD65JBGCVMBEMF2P4S
test_bid_request_geo_targeting_for_country_usa_kansas_postal_code_66047_rtb23_valid,AH2AGE59Q953F15872KT5EHNP0
test_bid_request_geo_targeting_for_country_argentina_rtb24_invalid,GBU056O9D5243F02JC4MIL219O
test_bid_request_geo_targeting_for_country_usa_kansas_rtb26_negative,4JNPQSUPAT0CHBSTEFCLF468AO
test_bid_request_geo_targeting_for_country_argentina_state_cordoba_city_villadelrosario_pincode_5963_rtb23_invalid,OMQQS3GD8L69VDDE1O6KAB4V4C
test_bid_request_geo_targeting_for_country_usa_rtb23_valid,OFU48J4POD6LTF249ICS73AU4C
test_bid_request_geo_targeting_for_country_argentina_city_villadelrosario_rtb25_invalid,FJJ55SUK3H6L99IIUFA1P7AKR4
test_bid_request_geo_targeting_ctv_rtb23_country_brazil_state_bahia_valid,3CVMQMOS5L4UHFRDBCE2R6F878
test_bid_request_geo_targeting_for_country_argentina_pincode_cordoba_5000_rtb22_valid,3Q6AT9KV156NF35EKQFGJNBN7G
test_bid_request_geo_targeting_ctv_rtb25_country_mexico_state_jalisco_valid,FAGVJBD2MD0OJ8FPLMHB6CC9US
test_bid_request_geo_targeting_for_country_argentina_pincode_5963_rtb22_invalid,L0P40HUBJH70LCI08V5PONGA4C
test_bid_request_geo_targeting_ctv_rtb25_country_canada_negative,I40QC4P09L1EH0D62CG4QGN8FS
test_bid_request_geo_targeting_ctv_rtb25_country_mexico_valid,7E8DDA8KCH3KV46ML4A69TQFKK
test_bid_request_geo_targeting_for_country_argentina_rtb23_invalid,RKQ3Q48T550B7D1T24EII45JTS
test_bid_request_geo_targeting_ctv_rtb23_country_canada_state_ontario_valid,999P06LUSH6UF4SG3AVE83F7HS
test_bid_request_geo_targeting_for_country_argentina_state_cordoba_pincode_5963_rtb26_invalid,BILMDQ8V3H6Q3AR6T4FHOVD1QC
test_bid_request_geo_targeting_for_country_argentina_pincode_villadelrosario_5963_rtb26_invalid,FA6AGEBOOH45T35875SC9U2U5G
test_bid_request_geo_targeting_ctv_rtb23_country_mexico_state_jalisco_city_guadalajara_valid,17I65OSUFT5NV932SEF7VIRV7G
test_bid_request_geo_targeting_ctv_rtb23_country_mexico_valid,54PRKQ8FKP099CTQD47QDG4KES
test_bid_request_geo_targeting_ctv_rtb22_country_canada_city_toronto_negative,3G99J31QO923N4KPHGTC511RV8
test_bid_request_geo_targeting_for_country_argentina_state_cordoba_city_villadelrosario_rtb24_invalid,FDIMHPDN8512F9B8SMRK3GH7EK
test_bid_request_geo_targeting_ctv_rtb22_country_canada_state_ontario_city_toronto_postalcode_M6H_negative,UP5CQB7SBT5IN2MD5JU5UMPB6O
test_bid_request_geo_targeting_for_country_argentina_rtb25_invalid,PNN3LMDU3D6BFBHQR6V1NR5NNS
test_bid_request_geo_targeting_for_country_argentina_pincode_5963_rtb26_valid,CRM34DU6EP5RLB1I6V37CITQG0
test_bid_request_geo_targeting_for_country_usa_kansas_lawrence_rtb22_valid,PR8MV39JD92AV4BFHKPMLT5FTS
test_bid_request_geo_targeting_for_country_argentina_state_cordoba_pincode_5963_rtb26_valid,F0JPTHUS8D4B39SUOVE46Q5HH4
test_bid_request_geo_targeting_for_country_usa_kansas_postal_code_66047_rtb26_negative,NSREBDLVDH7JPDN5MQVMONPS24
test_bid_request_geo_targeting_for_country_usa_kansas_lawrence_rtb24_valid,HFITRRNFKP4759ETTRNQCE3IN4
test_bid_request_geo_targeting_for_country_argentina_state_cordoba_city_villadelrosario_pincode_5963_rtb22_valid,R2EIS4645114379E2322GOI1R4
test_bid_request_geo_targeting_ctv_rtb22_country_mexico_state_jalisco_negative,LIHVJBAO6T1H18VPLLC3FSOGJO
test_bid_request_geo_targeting_for_countries_argentina_states_cordoba_rtb26_valid,SQ71RVN47L5VT3GTVRI3QUVUB8
test_bid_request_geo_targeting_for_country_argentina_city_villadelrosario_rtb23_invalid,LQ4P4U8QI53292CIF4D92PH4ES
test_bid_request_geo_targeting_for_country_argentina_pincode_villadelrosario_5963_rtb24_invalid,LPU5JN9SQ54TVF2PRKUD32EV80
test_bid_request_geo_targeting_for_country_usa_kansas_postal_code_66047_rtb24_valid,4HDO8US9PT4C76S4FE4SV263A4
test_bid_request_geo_targeting_for_countries_canada_states_ontario_rtb23_invalid,DMT07E6TFP1OBEG3N3ENSGS5CK
test_bid_request_geo_targeting_for_country_argentina_pincode_cordoba_5000_rtb26_invalid,IUNFJTQ769161BNPUT3J5SJ00O
test_bid_request_geo_targeting_ctv_rtb22_country_canada_state_ontario_negative,MD72HK6J0T6SD3H8Q39GFFE6BC
test_bid_request_geo_targeting_for_country_usa_kansas_lawrence_rtb26_valid,LDQCV5C3O15DVD6FIM1S0EMV1S
test_bid_request_geo_targeting_for_country_argentina_state_cordoba_pincode_5963_rtb25_invalid,5BSVM5F7F90FDEFR2NJNKO7M7G
test_bid_request_geo_targeting_ctv_rtb25_country_canada_state_ontario_valid,PC33NIV9H52CV1HRPFKOIH6FQK
test_bid_request_geo_targeting_for_countries_argentina_states_cordoba_rtb24_invalid,K21UO65NQ94HV0VC32RT5U8VEO
test_bid_request_geo_targeting_for_country_argentina_pincode_villadelrosario_5963_rtb24_valid,OCG73VKEB95P183HVQ75LMSGB4
test_bid_request_geo_targeting_for_countries_canada_states_ontario_rtb23_valid,F9UAH4F9RT3JPF58I7KTV1PS9O
test_bid_request_geo_targeting_ctv_rtb23_country_mexico_negative,J86LCPDH4T3R53AMCMOIFLTIP4
test_bid_request_geo_targeting_for_country_argentina_state_cordoba_rtb26_valid,THO1RSOSMD1E1C0TUCEB64N0M4
test_bid_request_geo_targeting_ctv_rtb25_country_canada_state_ontario_city_toronto_postalcode_M6H_valid,FNFDETCKQL1LP7MNEMADA4QSIS
test_bid_request_geo_targeting_for_country_argentina_city_villadelrosario_pincode_5963_rtb23_valid,PRPA677NCT2FJCL33JRMFT7PV4
test_bid_request_geo_targeting_for_country_argentina_state_cordoba_pincode_5963_rtb22_valid,UIEDVT40B155L76VUI05GUIQU0
test_bid_request_geo_targeting_for_country_argentina_state_cordoba_city_villadelrosario_pincode_5963_rtb25_invalid,E6B6KHPDBD6EN5JA8SMLMN7B18
test_bid_request_geo_targeting_for_country_argentina_pincode_cordoba_5000_rtb23_valid,CJBKUEN47T09P5QF7BI3VG4S30
test_bid_request_geo_targeting_for_country_usa_kansas_dma_rtb26_valid,E6MLVJI7KD2QDBAVPP3Q79D650
test_bid_request_geo_targeting_ctv_rtb24_country_canada_valid,97VFCKQ3FH2O5FNMAD1NOHC290
test_bid_request_geo_targeting_for_country_argentina_city_villadelrosario_pincode_5963_rtb26_invalid,HU6ET6FIV97QH37EJ7PFK7T8T0
test_bid_request_geo_targeting_for_country_argentina_state_cordoba_city_villadelrosario_pincode_5963_rtb25_valid,SC8MNJ80B92DF4BBPK05L56NKO
test_bid_request_geo_targeting_for_country_usa_kansas_lawrence_rtb22_negative,4C4A8I8EMP1OR254947BDOSDLK
test_bid_request_geo_targeting_for_country_usa_rtb26_valid,QQ8UK0K3951QN4FA0A1KI4TBDG
test_bid_request_geo_targeting_ctv_rtb26_country_mexico_state_jalisco_city_guadalajara_valid,4VVR935TND4CRFTKHIURM66DU4
test_bid_request_geo_targeting_for_country_argentina_pincode_5963_rtb24_valid,NSN8LDA7MH6QNBKAML3R8FDBCO
test_bid_request_geo_targeting_for_country_argentina_city_villadelrosario_pincode_5963_rtb23_invalid,MADSSNRBH127N6UEBTLOG53R5O
test_bid_request_geo_targeting_for_countries_canada_states_ontario_rtb22_valid,DORBBEFU5T4MVDLLN7V2U2BFV0
test_bid_request_geo_targeting_for_country_argentina_pincode_cordoba_5000_rtb25_invalid,ODEK7C6RUH4HL7A3M3DV8U8QP4
test_bid_request_geo_targeting_for_country_argentina_state_cordoba_pincode_5963_rtb23_valid,IHUM4F0LLD36VFB27GAQNDJF6S
test_bid_request_geo_targeting_for_countries_argentina_states_cordoba_rtb23_invalid,JE0HPC2IHP75T08SM198SBIUTO
test_bid_request_geo_targeting_for_country_argentina_state_cordoba_pincode_5963_rtb24_valid,JEC4GL67FL13P628AJ3NR0HSOC
test_bid_request_geo_targeting_for_country_argentina_state_cordoba_pincode_5963_rtb22_invalid,J6LNC99VO57UPARM4KVS2NVCRC
test_bid_request_geo_targeting_for_country_argentina_city_villadelrosario_pincode_5963_rtb24_valid,DALDHDCT6H1JTAMOMMEJ9SPUUC
test_bid_request_geo_targeting_for_country_argentina_pincode_cordoba_5000_rtb26_valid,46PORBL80T4H9CSDLQK0E28K4G
test_bid_request_geo_targeting_for_country_argentina_state_cordoba_rtb22_valid,6QB9M4NQ6L31B5KR2BT3B1GL34
test_bid_request_geo_targeting_for_country_argentina_state_cordoba_pincode_5963_rtb24_invalid,D9EEV8HOD159H77FK8S6G2KOL4
test_bid_request_geo_targeting_for_country_usa_kansas_dma_rtb22_negative,T9F3PVSHUL2DV7HSVU8VAT6VT0
test_bid_request_geo_targeting_ctv_rtb25_country_brazil_negative,4MQ2QR4D8T3JPD1DDI6KETPS5O
test_bid_request_geo_targeting_for_country_argentina_state_cordoba_pincode_5963_rtb25_valid,J77J217BCL08D3PH0JLMAG46IC
test_bid_request_geo_targeting_for_country_usa_kansas_postal_code_66047_rtb23_negative,VPR58JLMR52CHDIK9QRDIT68PS
test_bid_request_geo_targeting_for_country_usa_kansas_lawrence_rtb25_negative,Q9VGSALSE544VFOE5AU72M2FMG
test_bid_request_geo_targeting_ctv_rtb22_country_canada_city_toronto_valid,8BH5P22S517S58ISH1E2HNU274
test_bid_request_geo_targeting_for_country_usa_kansas_lawrence_rtb26_negative,S1HSO7F90D6CP8UC3NKG676C9S
test_bid_request_geo_targeting_ctv_rtb22_country_mexico_valid,061UT8H92L28N0VEK8KHAL4BQ8
test_bid_request_geo_targeting_for_country_usa_kansas_rtb22_valid,NPICBJOE195MT965PS70KQRE7S
test_bid_request_geo_targeting_for_country_usa_kansas_postal_code_66047_rtb22_negative,BK4UG3CR7H4SR2F81MDJPAEDOG
test_bid_request_geo_targeting_ctv_rtb24_country_brazil_state_bahia_valid,2T73F38OQ50LD3HNHKCD3SAM54
test_bid_request_geo_targeting_ctv_rtb26_country_canada_state_ontario_city_toronto_postalcode_M6H_valid,GAVOAQEF415UBFS5D77I1QV55G
test_bid_request_geo_targeting_for_country_argentina_city_villadelrosario_pincode_5963_rtb22_valid,A4BSIR1GMP5415U9DGOBD6I0AK
test_bid_request_geo_targeting_for_country_argentina_pincode_cordoba_5000_rtb22_invalid,A7BQM2BQ6H1135TB15T384GHPO
test_bid_request_geo_targeting_ctv_rtb25_country_brazil_valid,7CJFGN7FFH5OB9NOBJNNP2S5JG
test_bid_request_geo_targeting_ctv_rtb23_country_mexico_state_jalisco_valid,JTPEHG5DMD2ULCN8O2MR7DFA00
test_bid_request_geo_targeting_for_country_argentina_state_cordoba_rtb23_invalid,7JT569HIG13S1EIJ4OP80PU04O
test_bid_request_geo_targeting_for_country_argentina_state_cordoba_city_villadelrosario_pincode_5963_rtb26_valid,5NVL47TLPT5FPFQI3UQSV2NSG4
test_bid_request_geo_targeting_for_country_usa_kansas_dma_rtb26_negative,2MEA7T1RO93HH753UGTS4HOOJ8
test_bid_request_geo_targeting_for_country_argentina_city_villadelrosario_rtb25_valid,KO0U9OGJU908T0F4S89V4K4EBG
test_bid_request_geo_targeting_ctv_rtb26_country_canada_city_toronto_negative,PR9GTQT3DL6BD4OETEHMQV5MMK
test_bid_request_geo_targeting_ctv_rtb23_country_brazil_state_bahia_negative,B88T9GH3BP7PJ4EKO8HLS7SPEK
test_bid_request_geo_targeting_for_country_argentina_state_cordoba_city_villadelrosario_rtb25_invalid,5UGGF23IOL2U9887H1PCB5F430
test_bid_request_geo_targeting_for_country_argentina_pincode_5963_rtb22_valid,RLKR9HEE6D17DADKON737CJMDS
test_bid_request_geo_targeting_for_country_usa_rtb25_negative,2P1ICPMBGL17N0P6CR5OB8JRDC
test_bid_request_geo_targeting_for_country_usa_kansas_rtb24_negative,QMDC46EQC912F6M237D654H7UG
test_bid_request_geo_targeting_for_country_argentina_state_cordoba_city_villadelrosario_rtb25_valid,JI3KH5CL4H0PD1Q8IMAI94CM6K
test_bid_request_vast_imp_exp_rtb25,CPA681KTK557L5340QEQ3EJQ60
test_bid_request_vast_imp_exp_rtb24,07IH3229VD4VN98HH14VNUFRSC
test_bid_request_vast_imp_exp_rtb26,ICC6BAC4K124F635L62A1D27V0
test_media_device_targeting_desktop_bid_request_ctv_rtb26_negative,PJB0SH97QT5IV5GE8KJTFMPFI4
test_media_device_targeting_ConnectedTV_bid_request_ctv_rtb24_valid,IFB7E8T4AL4BV5JN4EI5AU5VIC
test_media_device_targeting_TABLET_bid_request_ctv_rtb22_valid,TUD4AQLKVP63F6I5DAQFSJ1NMO
test_media_device_targeting_ConnectedTV_bid_request_ctv_rtb25_valid,TQORNJPC196AJCDRPSM0K359KK
test_media_device_targeting_TABLET_bid_request_ctv_rtb26_valid,S391QLJ1S51P94GTAPGU2SSKSO
test_media_device_targeting_ConnectedTV_bid_request_ctv_rtb24_negative,EFSE6I707L68PE7393G3Q34C3C
test_media_device_targeting_ConnectedTV_bid_request_ctv_rtb23_negative,7NQP62ULE52CDDCJ1FAN3D66U8
test_media_device_targeting_ConnectedTV_bid_request_ctv_rtb23_valid,AE43GKAPVL7UL21OA5CVRFVA6K
test_media_device_targeting_SMARTPHONE_bid_request_ctv_rtb23_negative,EA25NBGMVH67F12RLOBFO73N84
test_media_device_targeting_TABLET_bid_request_ctv_rtb25_valid,LI61MKCVAT4LF30RA6FLFIANQC
test_media_device_targeting_TABLET_bid_request_ctv_rtb26_negative,N6LJUA8OIT2UTAPV54C9FTFEU0
test_media_device_targeting_desktop_bid_request_ctv_rtb24_negative,B8TLNJ0EAL7JHEQRPG75BJPO2G
test_media_device_targeting_ConnectedTV_bid_request_ctv_rtb22_negative,C5RM77SFL57KBDR3JU7QJNQ5G0
test_media_device_targeting_ConnectedTV_bid_request_ctv_rtb22_valid,C57GN26DSH4B93OBH36U965KI8
test_media_device_targeting_desktop_bid_request_ctv_rtb25_valid,98KLAAGAPL42JAAL585CRM197K
test_media_device_targeting_SMARTPHONE_bid_request_ctv_rtb26_negative,HEN1411EO52VTBGI0GNC3PFUMG
test_media_device_targeting_SMARTPHONE_bid_request_ctv_rtb24_valid,UJCKICM1697RB6A96B0J4FTLFS
test_media_device_targeting_desktop_bid_request_ctv_rtb24_valid,QAAIEGRQS55435978DTE3AI1KC
test_media_device_targeting_SMARTPHONE_bid_request_ctv_rtb26_valid,B4E593S0OD7UN72KHU0C7RVB6G
test_media_device_targeting_SMARTPHONE_bid_request_ctv_rtb22_valid,5H2UQ6M69L2TD1FD3B34R1EMH4
test_media_device_targeting_desktop_bid_request_ctv_rtb26_valid,GEK9T0GR3P24DA4UG8DHSH260S
test_media_device_targeting_TABLET_bid_request_ctv_rtb23_negative,HUJPJUUM6L48F9SPVFB3AA479S
test_media_device_targeting_desktop_bid_request_ctv_rtb22_negative,M8OKEPJCL95Q3CA7CPMAKQT124
test_media_device_targeting_ConnectedTV_bid_request_ctv_rtb25_negative,HGFBL9JI0547R7LQKPP02E3TD8
test_media_device_targeting_TABLET_bid_request_ctv_rtb24_valid,KQDK2POJ9977J6Q1CS9KKJJPPS
test_media_device_targeting_ConnectedTV_bid_request_ctv_rtb26_valid,N4R12OVFA16UNDGHCFNL17FB8C
test_media_device_targeting_SMARTPHONE_bid_request_ctv_rtb22_negative,KOI0HNCR8H7FF908RMDK8JNNVK
test_media_device_targeting_desktop_bid_request_ctv_rtb25_negative,9EAO7PC37170N5C3SM1JGBGB84
test_media_device_targeting_SMARTPHONE_bid_request_ctv_rtb23_valid,RO95EU42LL2L14INF21AQLAGBO
test_media_device_targeting_desktop_bid_request_ctv_rtb23_negative,4R8UUBT18D0PL4FF5UGK68CQ6C
test_media_device_targeting_ConnectedTV_bid_request_ctv_rtb26_negative,8VUJ1FF27T79HF9GNNH3VVKOH0
test_media_device_targeting_desktop_bid_request_ctv_rtb23_valid,HGPOQCNDM120LCSD6BMR1P0A3S
test_media_device_targeting_SMARTPHONE_bid_request_ctv_rtb25_negative,2FJEAACNQT72T9N556BTFNHE70
test_media_device_targeting_TABLET_bid_request_ctv_rtb22_negative,ALEDPG6HHH7FF76SO38OOVNNN0
test_media_device_targeting_SMARTPHONE_bid_request_ctv_rtb25_valid,G9LMTAOH2L2F3ARELC8HA97HKK
test_media_device_targeting_TABLET_bid_request_ctv_rtb24_negative,7THIM7798114B8PB3JKK0GI5G4
test_media_device_targeting_SMARTPHONE_bid_request_ctv_rtb24_negative,4KEH8C43SP1E378K621UDGN1TO
test_media_device_targeting_desktop_bid_request_ctv_rtb22_valid,8N83A2JBI96HN41L19LP4B8RDO
test_media_device_targeting_TABLET_bid_request_ctv_rtb25_negative,GON569M02T3SLBIJ4R01FPUA30
test_media_device_targeting_TABLET_bid_request_ctv_rtb23_valid,E77P5C1LDP3BH3SIM0QMT9LOAC
test_bid_request_smartphone_device_info_rtb23,EQDCVPGGLD1TV6MFSO8AMKUVAO
test_bid_request_smartphone_device_info_rtb22,SAN22T2BCD7VHBH1EH5M67VON0
test_bid_request_ConnectedTV_device_info_rtb22,CO2P5VDTST6BB1CIVMUUEF5LQ8
test_bid_request_desktop_device_info_rtb26,0PNG81RGHT64LBO40TO8U72ACC
test_bid_request_desktop_device_info_rtb25,RKLMDG17QH0NJAR6O0JT9SBP4K
test_bid_request_tablet_device_info_rtb22,ASEUIDNV0T7K17F96RVGFRQ01G
test_bid_request_tablet_device_info_rtb25,QSTFKEPBHP1KJENQ7CLOTCQ9US
test_bid_request_ConnectedTV_device_info_rtb24,4EACSE3GLH0HF56E71OAOC8NI0
test_bid_request_smartphone_device_info_rtb25,4KJ98VKM7H3SN9KKFQB3O5UBCK
test_bid_request_ConnectedTV_device_info_rtb23,LB9CCC62MT30F4M6631BFLG73S
test_bid_request_desktop_device_info_rtb24,ALA2H4L7I95GB518IAJP4MO5Q4
test_bid_request_desktop_device_info_rtb22,86A6D38K6T3T1536HKA3FLUGIS
test_bid_request_tablet_device_info_rtb26,8QCU60H18H79R6F308GK8BKTBG
test_bid_request_tablet_device_info_rtb23,6AO44CL05130LC226AG2HTGAU0
test_bid_request_smartphone_device_info_rtb24,92U3IA263T0QJF1P5131V0D9JG
test_bid_request_smartphone_device_info_rtb26,SSV98DIVVP7PVFKK6PFVTVSVQK
test_bid_request_tablet_device_info_rtb24,1TR8C5FN5H5PJDK62NRIP2SP8G
test_bid_request_ConnectedTV_device_info_rtb25,QUBCCT03LD7RL5M6EG1QN7TQIS
test_bid_request_ConnectedTV_device_info_rtb26,ITJH7VK81P2IV9OJVQ40S59F34
test_bid_request_desktop_device_info_rtb23,GT5K1PD3PD6TR2Q0SMHSNJET7K
test_bid_request_ctv_coppa_0_rtb25,FN7MI8C02947J3R946014A3P0S
test_bid_request_ctv_coppa_1_rtb22,4TQ1GHMJTH11FD0O8R9UPCGNE4
test_bid_request_ctv_coppa_2_rtb23,EBMIN93QI91MHB9BKHT95CR8B8
test_bid_request_ctv_coppa_0_rtb24,GPJQ4L5GIH6TJ9T2AIO98FEPLO
test_bid_request_ctv_us_privacy_california_1YYY_rtb26,1VUR2SVEN92NJFDHEFNBK5BPNC
test_bid_request_ctv_us_privacy_california_1NNN_rtb26,DI0AMLCGFT3T905BAM87V9UKV4
test_bid_request_ctv_us_privacy_virginia_1YYY_rtb22,301QNGGD2L7JL0TBO86HBBPQ5G
test_bid_request_ctv_us_privacy_california_1YYY_rtb24,P8HU37SGK54T58V1JU8A3QEIF8
test_bid_request_ctv_us_privacy_california_1YYY_rtb22,0QN1S9ELU974JBGU4NAV5RI9HK
test_bid_request_ctv_us_privacy_virginia_1YYY_rtb26,0HARUGPJVH3GJ5DV8CPVOLO95O
test_bid_request_ctv_coppa_2_rtb22,IL4I3KL7P150V291QAJSHQGF80
test_bid_request_ctv_imp_exp_rtb24,22HVVTT9KL6198VVUUKQB30KTC
test_bid_request_ctv_coppa_1_rtb26,H4I7KGT4AL1CN93Q8EI5BOMBV8
test_bid_request_ctv_coppa_2_rtb25,9CNJBUJQ2565LBPLV9T13V2QQO
test_bid_request_ctv_us_privacy_california_1YYY_rtb25,I55OH37CHT7Q92S8HJM8V7T4V8
test_bid_request_ctv_coppa_2_rtb26,JI5I8MEGEL5KR2P4B787BUQD7K
test_bid_request_ctv_rtb26,TRSOGB6J2H39BEC85J9H8LKLIG
test_bid_request_ctv_coppa_0_rtb26,9FJD9E35R56U19MKN1ITIVF06C
test_bid_request_ctv_coppa_2_rtb24,C08QNNSFK50CT4DBRU7Q286EK8
test_bid_request_ctv_us_privacy_california_1YYY_rtb23,I17GNSB0MT1AP3OBU5GBF8LC14
test_bid_request_ctv_coppa_0_rtb22,A9037OKGP92SH01JSA8CKLE818
test_bid_request_ctv_us_privacy_california_notdefine_rtb26,1UF2M2NMOD4KT7HB1BRC6EAET0
test_bid_request_ctv_rtb22,OHA8HRL3LH1FR548TQHQPGNT3S
test_bid_request_ctv_us_privacy_california_1NNN_rtb25,P7DT5AAA411EF6UIL55218N7UK
test_bid_request_ctv_rtb23,6AH2J7J2RH5598H9JPHDPAIKT4
test_bid_request_ctv_rtb24,SRVNJ4QJ1D46PFRPID9GNM3CUC
test_bid_request_ctv_us_privacy_california_notdefine_rtb22,0QBJHBEE155S15POLN70J2U0QC
test_bid_request_ctv_us_privacy_virginia_1YYY_rtb23,KRINQAP9RH7QB9BT5CKTOJT5T0
test_bid_request_ctv_us_privacy_virginia_1YYY_rtb25,V3N68JS9HD7T7BJ49U4ONFUJA0
test_bid_request_ctv_us_privacy_california_1NNN_rtb22,65DS76PTJ10GN6U3JCUPHK8BI4
test_bid_request_ctv_us_privacy_california_notdefine_rtb24,H8VAP28QO557FFLCH4DC2AJN4K
test_bid_request_ctv_coppa_0_rtb23,GBI8A9P8KH5O59454SKA9US26K
test_bid_request_ctv_rtb25,GFVKRKFOA53HNFQDQ7S53LOR5K
test_bid_request_ctv_coppa_1_rtb25,LADIDTF5PL46F6P6UNISR237L0
test_bid_request_ctv_us_privacy_california_notdefine_rtb23,R3DT0H89013UT6UG8K4G1TVEM4
test_bid_request_ctv_imp_exp_rtb26,R7FOJ4VF2152R7S9IFNH1UHDQG
test_bid_request_ctv_us_privacy_california_notdefine_rtb25,1NB1FT6RFT54B5GNUJDNU2I5K8
test_bid_request_ctv_us_privacy_california_1NNN_rtb23,AHQL8JSK3H56VDAK9UA1O6JFTO
test_bid_request_ctv_us_privacy_california_1NNN_rtb24,AOPTKNUIQ52RFCUQBV9D39DNGK
test_bid_request_ctv_coppa_1_rtb24,LPJLR7S17T6R59QTJU0JVRDI54
test_bid_request_ctv_us_privacy_virginia_1YYY_rtb24,LCR0OQHU1L0RHDGCD8V0Q0DO3K
test_bid_request_ctv_imp_exp_rtb25,92UTGJ6Q2570JFEO9JD127G9S0
test_bid_request_ctv_coppa_1_rtb23,JQMEVVAGJ5767B7FVL89J3J328
test_high_nonguranteed_deal_wins_over_othernonguranteed,30G09PHEO95PH804SONC4ESORO
test_auction_open_first_price,J550R1OAR542T2GDGS5DIQ1EIC
test_open_auction_beats_non_guaranteed_deal,GES83UURAH7I3E41VFDL8FP15C
test_high_openbid_wins_over_otherlowOpenBids,HJSOQ2DC0L6PFECD16M0BVCNKC
test_high_guranteed_deal_wins_over_other_guranteed_and_other_deals,OFK182NIUT495A0K1BPFE64I44
test_high_guranteed_deal_wins_over_nonguranteed_and_open_deals,PJFVGJSBQL1T97VO9U5TA0UK4K
test_bid_request_pmp_object_private_auc_onedemand_rtb26,02U56OD94L2PNF2JC6KIA5CRIK
test_bid_request_pmp_object_private_auc_onedemand_rtb23,70QNH492D121BDBOI4H6H10LLG
test_bid_request_pmp_object_private_auc_onedemand_2seats1bidder_rtb24,RQJ9E8E7695TV9KN473J5QUVO4
test_bid_request_pmp_object_pvt_auc_twodemands_2bidders_rtb26,8M0Q5HQD9L4SL0D2OT6KRQEAFC
test_bid_request_pmp_object_private_auc_onedemand_rtb25,BT84VUJS7T1RF42FV9U3UOTNAS
test_bid_request_pmp_object_private_auc_onedemand_rtb22,SIR6QIC2BL6VDDJD9615Q3FM88
test_bid_request_pmp_object_pub_auc_twodemands_2bidders_rtb22,RSUNRIREC56MJFBTPDN63NB904
test_bid_request_pmp_object_public_auc_onedemand_rtb22,J2K8BUILAD65HA45V9AL7R2O9O
test_bid_request_pmp_object_public_auc_onedemand_rtb26,97DQNKKQ8D6M96TBQAD46NB45S
test_bid_request_pmp_object_private_auc_onedemand_2seats1bidder_rtb25,I1953E4L9L3Q94IHN2AKRDT424
test_bid_request_pmp_object_pvt_auc_twodemands_2bidders_rtb23,TBEH626K0D0QN78J13A078DBGG
test_bid_request_pmp_object_pvt_auc_twodemands_2bidders_rtb24,V14RQ0AQ9501N2DT05D4IC0R60
test_bid_request_pmp_object_private_auc_onedemand_2seats1bidder_rtb22,C1M2I1K9D12P9B190Q4MHHCKP4
test_bid_request_pmp_object_pub_auc_twodemands_2bidders_rtb25,9ASN5DKTFD38PEBIMQENMHKCBC
test_bid_request_pmp_object_pub_auc_twodemands_2bidders_rtb23,5AMG86R3OD7UHB843DHS7NV88S
test_bid_request_pmp_object_private_auc_onedemand_rtb24,VIDB4GPK4566L6LI8CQ23R3ATG
test_bid_request_pmp_object_public_auc_onedemand_rtb24,LJ2ATAH88T24T15EL8K4E52E70
test_bid_request_pmp_object_pvt_auc_twodemands_2bidders_rtb22,4SON27KB3L52HCBH3Q5HRUH8R0
test_bid_request_pmp_object_public_auc_onedemand_rtb23,DG0UTIGUCL3FP0FEP8F6APNS04
test_bid_request_pmp_object_pvt_auc_twodemands_2bidders_rtb25,6NJJHG2R1T6HH9POO1DGUN8OAG
test_bid_request_pmp_object_private_auc_onedemand_2seats1bidder_rtb23,KJLPV5HEDP7M1ASVION6SNR0VS
test_bid_request_pmp_object_pub_auc_twodemands_2bidders_rtb26,4G92D3JRMH18T4H6HPTR94KECC
test_bid_request_pmp_object_private_auc_onedemand_2seats1bidder_rtb26,J422R4EIDP10711DI796TOG368
test_bid_request_pmp_object_pub_auc_twodemands_2bidders_rtb24,DG9PDTEK7P0PR4SMUNA3SKCTCC
test_bid_request_pmp_object_public_auc_onedemand_rtb25,HF0F5R4G5L2S507ITI82R1E2GO
test_rtb_meta_info_event,C1MHEA8HH97S7B8N548OLRU30S
test_media_targeting_geo_campaign_for_multiple_countries_usa,LMT0FU9M5H3BLEG7V4R2OLLQH8
test_media_targeting_geo_media_for_state_Maine_postalcode_04084_negative,U8RV3BMCO92A5DVHLR6C455214
test_media_targeting_geo_campaign_for_country_mexico_city_guadalajara,PQ9H500JLH6JB4OIG09QPF9LOS
test_media_targeting_geo_insertion_order_for_country_brazil_negative,U2LI304U4P3E9AP1G2F2CPN4H0
test_media_targeting_geo_campaign_for_country_argentina,80VA73QF3D0RVFL3HT7HNKDV44
test_media_targeting_geo_campaign_for_telangana_hyderabad_negative,FLTLC8511P4VFEQM42GGS2FNG4
test_media_targeting_geo_campaign_for_region_santacruz,FQPNSCR8U56VPCRU6DKF2JFSRO
test_media_targeting_geo_media_for_state_telangana_postalcode_hyd_negative,Q3A7TRRB911AD53UTTLKGGL6T8
test_media_targeting_geo_media_for_state_Maine_postalcode_04084,6J83J3U04L27N41PHV02A93R0G
test_media_targeting_geo_insertion_order_for_Argentina_BuenosAires_1871_negative,OCGJO70H0H7SF89S3G8G97U71C
test_media_targeting_geo_insertion_order_for_country_argentina_state_chubut_negative,1IFDI94IDL4LR7MP4I96QAAT48
test_media_device_targeting_type_ctv_roku,DBLGCL47U538DAO6AI3V21K6CG
test_media_targeting_geo_media_for_USA_California_Mojave,F6L66K5SHP7SRAJ3A2U8TNUD8O
test_media_targeting_geo_insertion_order_for_country_mexico_city_guadalajara,IUEDJBBTRP70V76PLLUTSNGF6S
test_media_targeting_geo_insertion_order_for_country_canada_state_ontario,IEOHRJBROL2MBC8TPLTSB1B5UO
test_media_targeting_geo_insertion_order_for_multiple_countries_brazil,91HI6P1O651578P3CGS32CIJBO
test_media_targeting_geo_insertion_order_for_country_brazil_state_bahia_postalcode_macaubas,GRBF8491H10KR5NK24GOH4ADUC
test_media_targeting_geo_media_for_state_telangana_hyderabad_postalcode_hyd_negative,R4C5JG3HPP5H162PO1OSSIOGV8
test_media_targeting_geo_insertion_order_for_country_canada,F6AB0VQ64552N55GFT322QHB10
test_media_targeting_geo_for_dominican_republic,M81AASNE854750L5EBN4263IE4
test_media_targeting_blocked_app_name,90TGESNF297JPEO7EBNH47PSO0
test_placement_targeting_high_min_price_than_placement_floor,LBRA832V9H6SLDL41HFKO3EA5S
test_media_targeting_geo_campaign_for_Argentina_BuenosAires_1871,P8FR0503Q121J7TG2G1T1P0PRG
test_media_targeting_geo_insertion_order_for_country_mexico_state_jalisco_city_guadalajara,DFI7NU4FCT4JR93RV27MEE9T48
test_media_targeting_geo_campaign_for_multiple_countries_mexico,8DD16OKPOH6C76GJCACS8B63LS
test_media_targeting_geo_campaign_for_country_usa_negative,L0KA9R48892T1A54TI444DEG78
test_media_targeting_geo_media_for_country_canada_postalcode_ontario_negative,H238VQ28GP1AN1KFT148DKLB3K
test_media_targeting_geo_insertion_order_for_country_Argentina_state_Cordoba_city_VilladelRosario_postalcode_2000_negative,5PDOMS65F16C56SBE32NHR62H0
test_media_targeting_geo_campaign_for_country_brazil_state_bahia,48PMGSUOM56KPCR8EFCB33AC54
test_media_targeting_geo_campaign_for_state_telangana_hyderabad_postalcode_hyd,MJQU1LV5R55TBDF0QVITI2ULM8
test_media_targeting_geo_media_for_country_brazil_city_macaubas_postalcode_46500_negative,TL5LMTKN5H5K52QREQBIPUQ2QC
test_media_targeting_geo_campaign_for_Argentina_Chaco_Machagai,861VV8BQAD0AJ0VVK5T570599S
test_media_targeting_geo_insertion_order_for_country_mexico_state_jalisco_postalcode_guadalajara_44900,DMPBETTI8P2N7CLNEUP4CDBJJ4
test_media_targeting_geo_campaign_for_country_mexico_state_jalisco_postalcode_guadalajara_44900,DR4G3BB3L9407281LLHQK6032S
test_media_targeting_geo_media_for_country_brazil_postalcode_macaubas_negative,TPP10QH20H4NHCGGD8H086BOE4
test_media_targeting_geo_media_for_country_canada_state_ontario_city_toronto_postalcode_M6H,LT4H46E5QL10H28I372TA4G8G4
test_media_targeting_geo_media_for_country_mexico_state_jalisco_postalcode_guadalajara_44900,DJOHSL2G9T151C8UAH84V0IGGS
test_media_targeting_geo_campaign_for_country_brazil_city_macaubas_state_bahia_postalcode_46500_negative,PG4TO267FL0472ES133NRC2324
test_media_targeting_geo_media_for_region_santacruz_negative,5QDDAUL76L1SD6MLFAJJB0U6U0
test_media_targeting_geo_campaign_for_country_mexico_state_jalisco_city_guadalajara_negative,C3MNQ5Q8591MVBBT2T42KGRFE4
test_media_targeting_geo_media_for_country_brazil_city_macaubas_postalcode_46500,JKMGK9R0QT5MVB8A4TGDF6RFGG
test_media_targeting_geo_media_for_telangana_hyderabad,EFH0OE342L3478GC71I1A1I3DK
test_media_targeting_geo_campaign_for_country_canada_negative,5VQ2502F214JDD12G17H0E9MC4
test_media_targeting_geo_insertion_order_for_country_brazil_postalcode_macaubas_negative,H51SI3NK893O70U91RQ44TS3HS
test_media_domain_list_block_negative,D9NHFF7LI92KVBONNJQP45AFAS
test_media_targeting_geo_media_for_country_usa,GPT3T4BAVT4NHEHUI5LFUABOVO
test_media_targeting_geo_media_for_country_usa_dma_washington_dc_negative,BB4VC9KQG55L72FM4QD836QJ0K
test_media_targeting_geo_insertion_order_for_Argentina_Salta,TTJIS6IMJL48B9PE39B9Q2454C
test_media_targeting_geo_media_for_country_mexico_state_jalisco_city_guadalajara,A5P6C5VQ8P2F1CJ62VT4DD7GEK
test_media_targeting_geo_campaign_for_USA_California_Mojave_negative,GVFDENF3EP34P7MNBNHNCHICVK
test_media_targeting_geo_media_for_country_mexico_city_guadalajara_state_jalisco_postalcode_44900,EIRC1A3FP959LDM0L1NSKMKQRK
test_media_device_targeting_type_smartphone_apple,20O678BJLL2ORC33K5PQRPCD4G
test_media_targeting_geo_insertion_order_for_country_canada_state_ontario_negative,DPORBPLV21443CDLSQVH1Q21U0
test_media_targeting_geo_insertion_order_for_country_brazil_city_macaubas_state_bahia_postalcode_46500_negative,RA2L68RE9T52L1AJ4DN4UQHAKK
test_media_targeting_blocked_app_name_filtered,BODB78734T6LV6LJK3HIEJAVEC
test_media_targeting_blocked_app_id_filtered,DI1GKIORC11LH0OA9CDM0GQO10
test_media_targeting_geo_insertion_order_for_country_canada_postalcode_ontario_negative,PO4O2Q133T5P32C1D0HHUQSHMG
test_media_targeting_geo_insertion_order_for_multiple_countries_negative,0HH79G2MSH50D8JKO1BE8UG6GO
test_media_targeting_geo_media_for_country_brazil,F3BABKEH1T4I55L5Q78GU2920G
test_media_targeting_geo_campaign_for_country_brazil_state_bahia_postalcode_macaubas_negative,E7NHRIJG4P37PBOTP9O2CDJS10
test_media_targeting_geo_insertion_order_for_country_mexico_city_guadalajara_state_jalisco_postalcode_44900,CMDM15P2B92H56R0ISH5KH8I9G
test_media_targeting_allowed_app_id_filtered,8BE5GAG1G16GR72O580O0B8D94
test_media_targeting_geo_campaign_for_country_Argentina_state_Cordoba_city_VilladelRosario_postalcode_2000_negative,I9MMOS1EPH361BBCE0NCPPJ06S
test_media_targeting_geo_media_for_country_mexico_city_guadalajara_state_jalisco_postalcode_44900_negative,4H3JRN888L5BD1PTRK44AMLM9S
test_media_targeting_geo_campaign_for_country_brazil_city_macaubas,724BN74S3P1UF25RJIE1TGV7CO
test_media_targeting_geo_insertion_order_for_country_mexico_negative,J8B0BMB2T54N75G5R5HEI2BJ4K
test_media_targeting_geo_campaign_for_country_brazil_city_macaubas_postalcode_46500_negative,FMVS9EENDP4JLFU4N7BMS69QPK
test_media_targeting_geo_campaign_for_multiple_countries_brazil,IUQ40OFF1H0GPD20C7NGPK8CU0
test_media_targeting_geo_media_for_multiple_countries_mexico,TV2O9BCU312CH1C4LMF1H9689C
test_media_targeting_geo_insertion_order_for_country_Argentina_state_Cordoba_city_VilladelRosario_postalcode_2000,E3UR5SS8SP6ULFDIUE4ECVFANS
test_media_targeting_geo_media_for_country_canada,828JC2M73L53P49M1B3HREHS6O
test_media_targeting_geo_media_for_country_usa_negative,PJJ93J9M092AV9KHPKR04T5F6G
test_media_targeting_geo_campaign_for_country_canada_postalcode_ontario_negative,DTVGGUP8RH7L1FO8FCKDOBQGMO
test_media_targeting_geo_campaign_for_country_brazil_city_macaubas_postalcode_46500,6N9GKFUSE54454OA7VE73I225O
test_media_targeting_geo_media_for_country_canada_state_ontario,5MTOJF0GDD287ES9NG86MT435O
test_media_targeting_geo_media_for_country_brazil_city_macaubas_state_bahia_postalcode_46500,17E6B3VSAH7D9735HVU58VMKCS
test_media_targeting_geo_insertion_order_for_country_usa_postalcode_alaska,0G6V7D4DU95HH3FJMI6V5IOOJG
test_media_targeting_geo_media_for_country_brazil_state_bahia_negative,3F75JH0RCL40D3IPOGDMA206SG
test_media_targeting_geo_insertion_order_for_country_brazil_city_macaubas_postalcode_46500,3PECP8K44L0H576CKA22AO8I50
test_media_targeting_allow_audience,85Q3M85UHT5N3D1R42V8VARHD0
test_media_targeting_geo_campaign_for_country_mexico_city_guadalajara_state_jalisco_postalcode_44900_negative,B96O062M2D5CD3C031B162M66K
test_media_targeting_geo_insertion_order_for_country_brazil_state_bahia_city_macaubas_negative,OP19H1B4OD3K10KOGLIC7PQ058
test_media_targeting_geo_media_for_country_brazil_city_macaubas_state_bahia_postalcode_46500_negative,UJJH6D66AL4KR9OJ6J35AUADU8
test_media_targeting_geo_insertion_order_for_USA_California_Mojave,F36H9RH70H2LR38KTOJG9DATNO
test_media_targeting_geo_insertion_order_for_country_usa_postalcode_alaska_negative,965JIFBDEH4VT2PP7LMN8MFUES
test_media_targeting_geo_campaign_for_country_argentina_state_chubut_negative,5BH216MMV51838H0JBBFIKK1P8
test_media_targeting_geo_media_for_state_telangana_postalcode_hyd,B7REON467L0THDNCBI33QKEOAK
test_media_targeting_geo_media_for_dma_phoenix,0078GHOCJL2MJ3K88S69QTB9FS
test_media_targeting_geo_media_for_country_brazil_city_macaubas_negative,UJM7Q4N4MT4JPB3T2BIBFE9S9G
test_media_targeting_geo_insertion_order_for_Argentina_postalcode_1896_negative,0CVNUDJ1G93TJFRV6PGO49UPU4
test_media_targeting_geo_insertion_order_for_country_mexico,SK80244UKP66140122FAC33080
test_media_targeting_geo_insertion_order_for_country_mexico_city_guadalajara_postalcode_44900_negative,SD1828KMRP0BB0K14ABDSO5LBO
test_media_targeting_geo_insertion_order_for_Argentina_BuenosAires_1871,JHJ3ANOJRT7N19HLBS9TVBRGSS
test_placement_targeting_equal_min_price_to_placement_floor,CBIGSMRP1L4TP98EBDSGREESRO
test_media_targeting_geo_media_for_Argentina_postalcode_1896_negative,9A7KBLBCOP15T3Q5QLMCDCIULS
test_media_targeting_geo_media_for_country_canada_state_ontario_postalcode_M6H_negative,FKOGCFVLQ91D1C867VQT5SMGRC
test_media_targeting_geo_insertion_order_for_country_brazil_postalcode_macaubas,TNCCS4RP7D65V66E2DSJN32VRK
test_media_targeting_geo_insertion_order_for_dma_phoenix_negative,VGOTGPANPL3FJCEOCLBSQ5NPUG
test_media_targeting_geo_media_for_country_argentina_state_chubut,PBPGALT0F17NVCO5AUG7HVRVIK
test_media_targeting_geo_campaign_for_telangana_hyderabad,EO29JIB8O94OJ14PP5KC4UC93G
test_media_targeting_geo_media_for_Argentina_postalcode_1896,BL12NS67A57310HBU33L2RHG9O
test_media_targeting_geo_campaign_for_canada_toronto_negative,D8QJJIR1NT72JD9PPDGRVJH9G4
test_media_targeting_blocked_audience,CO1IHMRE3D5RL0P8RDN1NMTQ9G
test_media_targeting_geo_media_for_country_usa_dma_washington_dc,ROLEKIEEKL0BLANA977AA45Q18
test_media_targeting_geo_media_for_multiple_countries_brazil,85MQEDK8OH7SVBD76Q4C83UFO4
test_media_targeting_geo_insertion_order_for_state_Maine_postalcode_04084_negative,0A7A1VE3O575R3L0VN1S27IT5O
test_media_targeting_geo_campaign_for_state_Maine_postalcode_04084_negative,G07B3HAK697B13LHOLA343LG6S
test_media_targeting_geo_insertion_order_for_country_canada_state_ontario_city_toronto_negative,290R5GEFPL4P90DIO77SR2CKCK
test_media_targeting_geo_campaign_for_country_canada_state_ontario_city_toronto,VB60O4FGOL3D930C27OCBLMK48
test_media_targeting_geo_insertion_order_for_region_santacruz_negative,CT7DL8VS0L4N53MQKFU0A6BIOK
test_media_targeting_geo_insertion_order_for_state_telangana_postalcode_hyd,R9H1FKTPKD7I58GNQESQ6JP2ES
test_media_targeting_geo_campaign_for_country_brazil_city_macaubas_negative,3PDE9EN98P0M76N4NBKKDGB3DS
test_media_targeting_geo_campaign_for_state_telangana_postalcode_hyd_negative,0QIBGUJ6VT1CF95OF9JFVOM76O
test_media_targeting_geo_insertion_order_for_country_mexico_state_jalisco_postalcode_guadalajara_44900_negative,7JJIODLCGT12F9PC6QM8F8H778
test_media_targeting_geo_campaign_for_country_mexico_state_jalisco,0N4SQPPTKT4K52EDCSUQEMA2R0
test_media_targeting_geo_insertion_order_for_postalcode_brooklyn_negative,JTJ77Q7HQP6MJ9JJT3OTCNB93C
test_media_targeting_geo_insertion_order_for_country_usa_dma_washington_dc,IUKISCH3LL55TA9E68HQRAIUH8
test_media_targeting_geo_campaign_for_Argentina_postalcode_1896,ENTPHBUC7P1E1ESOLV63T0N0N4
test_media_targeting_geo_media_for_country_usa_state_virginia,SGN5LD3IG50S7BIQMHP824E3JC
test_media_targeting_geo_media_for_country_brazil_state_bahia_city_macaubas_negative,1GNIT5TQ9L5M1BPEIUT4RAR0OK
test_media_targeting_geo_campaign_for_country_argentina_negative,99JF5RCGE12GF9NITM871587US
test_media_targeting_geo_media_for_dma_phoenix_negative,PLQ2J5RGBT5AND19ITO5UQLBQG
test_media_targeting_geo_insertion_order_for_country_mexico_state_jalisco_negative,PN436UG7810CT21JF83K0S6E08
test_media_targeting_geo_media_for_country_mexico_city_guadalajara_negative,JN82B5VRD12VT415IVTMHPFUJ4
test_media_targeting_geo_media_for_state_telangana_hyderabad_postalcode_hyd,FBHTQCSEO51ET8UT6E7C2SNETG
test_media_targeting_geo_campaign_for_country_mexico_state_jalisco_negative,QBLL8A24BL739AQK5125R3HKUS
test_media_targeting_geo_media_for_country_Argentina_state_Cordoba_city_VilladelRosario_postalcode_2000,VM2BFJIHUL6B915NPP8VBJ5K58
test_media_targeting_geo_campaign_for_country_usa_state_virginia_negative,ADC8NBU25L1U964BLV12R4V4CG
test_media_targeting_geo_campaign_for_country_brazil_city_macaubas_state_bahia_postalcode_46500,FMN97U29HT30HBKJV14OVDG8N0
test_media_targeting_geo_media_for_country_brazil_state_bahia_postalcode_macaubas,O8QI8TPOJL0HVD94ESS9R08VP0
test_media_targeting_geo_campaign_for_multiple_countries_negative,556VN0R7PD6PL3FRGDJSN3CQ5G
test_media_targeting_geo_insertion_order_for_country_canada_state_ontario_city_toronto_postalcode_M6H_negative,9CF5EISSLP0Q97IN9EEASCD4C0
test_media_targeting_geo_media_for_country_usa_state_virginia_negative,49FF5SIO3115J7NIU9C1GKIPR4
test_media_targeting_geo_media_for_country_brazil_postalcode_macaubas,936ORE41OH7FP3CDN20S9VNSQ4
test_media_targeting_geo_media_for_city_oxnard,BD2G7CP6MP3MH183MCJBDDR824
test_media_targeting_geo_campaign_for_country_Argentina_state_Cordoba_city_VilladelRosario_postalcode_2000,PI3U2C12FL2AV1V160H7R15FA4
test_media_targeting_geo_insertion_order_for_country_brazil_state_bahia_postalcode_macaubas_negative,FR99B178ED3M74KLGJK765R39G
test_media_targeting_geo_campaign_for_country_canada_state_ontario_city_toronto_postalcode_M6H,37Q4FUP2LP5M5D27VCHASMR20G
test_media_targeting_geo_insertion_order_for_country_canada_state_ontario_city_toronto,0JTRROP2CL16TETTSCH6B0JE04
test_media_targeting_geo_media_for_country_brazil_state_bahia,JTOIMH89LL0R5C9B8K4QR8DIH0
test_media_targeting_geo_insertion_order_for_country_canada_negative,N7CNUNDH796SP6BVBMOJKREC2G
test_media_targeting_geo_campaign_for_dma_phoenix,UC6Q34UU3P1573D1IFF1TKIJ1K
test_media_targeting_geo_media_for_country_brazil_negative,70OEMFMSC12NTC7B7RE61DBUCK
test_media_targeting_geo_insertion_order_for_state_telangana_hyderabad_postalcode_hyd_negative,TIPHFEQ3T92O5CONND1UK1C2MO
test_media_targeting_geo_media_for_city_oxnard_negative,1BD2R1TB857IJ6HDGULK2VP90C
test_media_targeting_geo_campaign_for_city_oxnard,5T12ER2KMD4HR0H7DHAB7E8TTC
test_media_targeting_geo_campaign_for_dma_phoenix_negative,HKAA5A6AO117J552L35C1GJPU8
test_media_player_medium_size_targeting,CCBKFVHJO14CB5Q7VOPS06651K
test_media_targeting_geo_media_for_postalcode_brooklyn_negative,56S31SKRO95MTE1GUADS5MREPO
test_media_targeting_geo_campaign_for_country_mexico,O6PMA7F5D55EDCR53NIMIQN694
test_media_targeting_geo_campaign_for_country_usa_state_virginia,MOBA30CDJT6F55L1G66PV77IUC
test_media_targeting_geo_insertion_order_for_multiple_countries_mexico,OABRKD5S396O35TQ6IU1L3C1U8
test_media_targeting_geo_campaign_for_country_canada_state_ontario_negative,1ECL06AD0D5676AG356G7EJ34O
test_media_targeting_geo_media_for_country_canada_state_ontario_city_toronto_postalcode_M6H_negative,BOP3DQIUN118NCHMT9FBG0KBCG
test_media_targeting_geo_insertion_order_for_postalcode_brooklyn,K6AVUKFD812TL5FVA7MK0DEQP0
test_media_targeting_geo_media_for_country_mexico_state_jalisco,L08ILNV2M151949ARVHB0EGKHO
test_media_targeting_geo_campaign_for_country_usa_dma_washington_dc,E8F7JRL1PH6597JPTQGSOR2KT8
test_media_player_custom_standard_size_targeting_filtered,MF4IP4MKDP13P29CIBA6TGHS50
test_media_targeting_geo_campaign_for_country_brazil_state_bahia_city_macaubas,F2AQTIQ3454G75DEPD1I2M831G
test_media_targeting_geo_insertion_order_for_country_canada_postalcode_ontario,RDNNSL9SMD5ELBRUAKUB72NA0G
test_media_targeting_geo_insertion_order_for_Argentina_Salta_negative,LKH7IMLQ516K38JPBAT2HFA194
test_media_targeting_geo_campaign_for_country_mexico_city_guadalajara_state_jalisco_postalcode_44900,54GQ0TUPH11F78D0EVCOH4NJTC
test_media_targeting_geo_media_for_country_brazil_state_bahia_postalcode_macaubas_negative,P65THD4VQ55LB2UOMIFT26QL7K
test_media_targeting_geo_campaign_for_canada_toronto,7P1SV0LG6T0A70UFGAO3ES534G
test_media_targeting_geo_insertion_order_for_USA_California_Mojave_negative,82FNFM4PIL0KL7RNR2CPAKAADS
test_media_targeting_geo_insertion_order_for_canada_toronto,L74U92O8C178L2F4HC460NKAC0
test_media_targeting_geo_media_for_country_mexico,18JRDHN2L572H9TMORHAIJH83G
test_media_targeting_geo_insertion_order_for_country_mexico_city_guadalajara_state_jalisco_postalcode_44900_negative,4HRJJRI66L5PFDPPTP33A2SNHG
test_placement_targeting_low_min_price_than_placement_floor,IVUJ8QE5693QRF9KD72J5DTDG4
test_media_targeting_geo_media_for_country_mexico_city_guadalajara_postalcode_44900_negative,HJKVS1RQ5D4G9AFU0TT2M284HG
test_media_player_custom_size_targeting,KC5UJ667557SN2V9J33IIRUBE0
test_media_targeting_geo_insertion_order_for_city_oxnard_negative,MJJVGMU7QL64R9VOBF3TBN2DA8
test_media_targeting_geo_not_for_new_york,93FB16PJD50NB7LGJCPMI8BLD0
test_media_targeting_geo_insertion_order_for_country_brazil_state_bahia_negative,HF7EF8C95H4LR3N7K64IPIATEO
test_media_targeting_geo_campaign_for_country_mexico_state_jalisco_postalcode_guadalajara_44900_negative,RFAS2JH6NL07R5E19OJBQ43TFC
test_media_targeting_geo_campaign_for_state_telangana_hyderabad_postalcode_hyd_negative,1L7UBRAA3T57L3V5TL51VQJQCK
test_media_targeting_geo_media_for_country_mexico_state_jalisco_negative,R0RDQ876NT5E1DMT43JBVIN0NK
test_media_targeting_geo_insertion_order_for_country_mexico_state_jalisco,LQNFL66LUT337BNQJ3AVFLHJSC
test_media_targeting_geo_media_for_canada_toronto,D9KLC853SD0R5AAM42HU64DIBO
test_media_targeting_geo_insertion_order_for_state_telangana_postalcode_hyd_negative,G078QJQ2ID1BB3KD9T196OLL54
test_media_targeting_blocked_app_id,V9SFAEL8KD1H9E7L7AKA6KOKGO
test_media_player_large_size_targeting,5TLSQI8GGL5S7AUD9488AQU3N8
test_media_targeting_geo_media_for_USA_California_Mojave_negative,6O713H324H6E33GHOHH28N71MK
test_media_targeting_geo_media_for_region_santacruz,L65A3GCQ097352L1O6D047HIKS
test_media_domain_list_block,LA58N9M4D55FF2KBKR26JENN8C
test_media_targeting_geo_campaign_for_country_canada_postalcode_ontario,MMQSBM17293S7DE5R0JH4LU31K
test_media_targeting_geo_media_for_country_canada_state_ontario_postalcode_M6H,MOCFQTS8E57VF67TEU473FVNTG
test_media_targeting_geo_insertion_order_for_state_telangana_hyderabad_postalcode_hyd,89AQGNK7UH0MR5D8BQ3V9OBDR4
test_media_targeting_geo_insertion_order_for_multiple_countries_usa,49GUFA532L68F8F7L2HHAJ47UG
test_media_targeting_geo_media_for_multiple_countries_negative,RU7HNDBUDP6TH3ORMLV6TJEO94
test_media_targeting_geo_campaign_for_Argentina_BuenosAires_1871_negative,K7Q3VNS2GL6P3D1VRU18AFCH0S
test_media_targeting_geo_media_for_Argentina_Chaco_Machagai_negative,PHCREJJ38P5AT6DN9PHKC2LEL8
test_media_targeting_geo_campaign_for_Argentina_Salta,SR4ARBUP2D0N525DLVCH60BIDC
test_media_targeting_geo_campaign_for_country_usa_dma_washington_dc_negative,1OD89A840P2SN6K4L420C9EBV8
test_media_targeting_geo_insertion_order_for_Argentina_Chaco_Machagai_negative,FQASL30TQ55Q55EAHGET2UT2UK
test_media_targeting_geo_insertion_order_for_Argentina_Chaco_Machagai,J8U0EFBDE545PF077LMN322SQG
test_media_targeting_geo_campaign_for_country_brazil_state_bahia_postalcode_macaubas,7VU32B4UVT135F1H5IFFV0HII0
test_media_targeting_geo_media_for_country_brazil_state_bahia_city_macaubas,3FNH9IR2S10CFBOKPDHE0867S0
test_media_targeting_geo_insertion_order_for_country_usa_negative,B786KV729H78B43AFJH4OBK5AO
test_media_targeting_geo_insertion_order_for_country_brazil_city_macaubas_state_bahia_postalcode_46500,BNAUD3FNLT0SN5F6HNRQV0EBGK
test_media_targeting_geo_campaign_for_country_mexico_negative,IU8FE4JG2T3EP47N29O1F1NCU8
test_media_domain_list_allow,GEFS6G4PIL4C97U382CPBM64K8
test_media_targeting_geo_media_for_country_argentina_negative,J00FCOEKUP2UR07MC7AFCLFDT0
test_media_targeting_geo_media_for_country_usa_postalcode_alaska,1PFK738UUT3EB7Q3HKFFFPN5H8
test_media_targeting_geo_insertion_order_for_country_canada_state_ontario_city_toronto_postalcode_M6H,8NKUE01E5139FAF700N2GDKNCK
test_media_targeting_geo_media_for_country_mexico_state_jalisco_city_guadalajara_negative,6NCL8S22K52ET6AKE11A3D7EI8
test_media_targeting_geo_insertion_order_for_country_brazil,Q8BUFVM58P0AT5V7VR2KDO5E8C
test_media_targeting_geo_media_for_Argentina_BuenosAires_1871,COI8JN46LD75R949RI3AMRITCC
test_media_targeting_geo_media_for_country_mexico_negative,4A30G40FGP4311G8207OD61GMG
test_media_targeting_allowed_app_name,FU6FRG3HIT39337TO1OPFPKHRS
test_media_targeting_geo_insertion_order_for_country_canada_state_ontario_postalcode_M6H,T37SB8S7PD04N3U5KE3SMS2BAO
test_media_targeting_allowed_app_id,GSMU63HPFH0ORBF31OSNOGCDH8
test_media_targeting_geo_campaign_for_country_canada_state_ontario,LO1QITL5H17890T9EQIOHFK4S0
test_media_targeting_geo_media_for_country_argentina,TJJKDIPDJ53BT9Q6PCMPJ1LURG
test_media_targeting_geo_insertion_order_for_country_mexico_city_guadalajara_negative,T3EQIOSD0P0AH7D9CE6GDC58CS
test_media_targeting_geo_insertion_order_for_telangana_hyderabad,1O5TTGIE0H2LD2UUO97085AMLS
test_media_targeting_geo_media_for_postalcode_brooklyn,L91OPS1K9109B0SCU0Q4H04LCS
test_media_targeting_geo_campaign_for_country_canada_state_ontario_postalcode_M6H,THUUN6NTV9199FFBJBUVKOKK6S
test_media_targeting_geo_campaign_for_postalcode_brooklyn,SK5SIK1V1903T2U9A0VGL01UB8
test_media_targeting_geo_campaign_for_country_canada_state_ontario_city_toronto_postalcode_M6H_negative,365RTD856H4U72TUMK2J9MF32O
test_media_targeting_geo_campaign_for_Argentina_Chaco_Machagai_negative,NB19Q3ADH951R0KT1L6OKIGTVO
test_media_targeting_geo_media_for_Argentina_BuenosAires_1871_negative,8TPOINVRSL363CS9BVTUA9J1J0
test_media_targeting_geo_insertion_order_for_city_oxnard,LIDPQ6MT8551B6ST3BEK2EGLR8
test_media_targeting_geo_campaign_for_state_Maine_postalcode_04084,T1AOPQR1CT67F5CCTDGMEV3N24
test_media_targeting_geo_insertion_order_for_country_usa_state_virginia_negative,SQOJ6DJ6FT25JC9J6PJ7V92P34
test_media_targeting_geo_campaign_for_country_mexico_city_guadalajara_negative,LK0T6Q5LNH4DR0EJD2QRPE6TKO
test_media_targeting_geo_campaign_for_country_canada,01L0TBDULH6BHAGELMVAPR5OQK
test_media_device_targeting_type_tablet_lg,F5KNT0GFK96GFABUG87Q4F8744
test_media_targeting_geo_insertion_order_for_country_canada_state_ontario_postalcode_M6H_negative,9LPBQJKHVP5FJCLT9Q8VS2NPB4
test_media_targeting_geo_media_for_Argentina_Salta_negative,E97ECR49IT4RD3N6DI4PFUDME0
test_media_targeting_geo_insertion_order_for_country_brazil_city_macaubas_negative,R8JKT64RBT7J19QEJ2DLVBPG98
test_media_targeting_geo_media_for_Argentina_Salta,IAVA1L53795TBFL0QIHJKAUL4O
test_media_targeting_geo_insertion_order_for_region_santacruz,D0H4C0D4P149P8I606ICG24S80
test_media_targeting_geo_campaign_for_country_mexico_city_guadalajara_postalcode_44900_negative,7E1GPQG1N57DV0OCT80RJRMVFC
test_media_targeting_geo_media_for_telangana_hyderabad_negative,CU8T533IQ164L4EIHHPD0V2AVO
test_media_targeting_geo_campaign_for_Argentina_postalcode_1896_negative,3Q9T8TESRH0734UKENEDOG3H3S
test_media_targeting_geo_campaign_for_city_oxnard_negative,GI2369R0N13B511J4TGBGLLIJG
test_media_targeting_geo_media_for_country_Argentina_state_Cordoba_city_VilladelRosario_postalcode_2000_negative,MQ8LP1GCVP4H14ASGO6FTE8G5C
test_media_targeting_geo_campaign_for_country_brazil_postalcode_macaubas_negative,RNQL7K89LD6OTDAJQ44QM7CEL8
test_media_targeting_geo_campaign_for_country_usa_postalcode_alaska,3R5UA6M9B975H2V53B4LLBIO3G
test_media_targeting_geo_media_for_country_mexico_city_guadalajara_postalcode_44900,49AD9BS7AT2UV56KLU3LF9FFJG
test_media_targeting_geo_media_for_country_argentina_state_chubut_negative,H7HQPGIJN16QD8TCO99RG3D6IC
test_media_targeting_geo_campaign_for_country_brazil,R74EARM7IL63D275DR3PBB1M6O
test_media_targeting_geo_campaign_for_country_mexico_state_jalisco_city_guadalajara,2SEC6LRGJH3R7763ATO9OLTJPC
test_media_targeting_geo_insertion_order_for_country_argentina_negative,Q28444UL5D3BL4222FAINHLQJ8
test_media_targeting_geo_media_for_multiple_countries_usa,HG447SCT9L2KD223U6EKQ1A6KO
test_media_targeting_geo_campaign_for_country_brazil_state_bahia_negative,U823IDB61L13511P6LJ0R8HIMC
test_media_targeting_geo_media_for_country_canada_negative,E4KR7D4U7P7HLADJMIF3SBOQ2S
test_media_targeting_geo_media_for_country_canada_state_ontario_city_toronto,R3KTJC37VH5STAEPM1JVPMUEUS
test_media_targeting_geo_insertion_order_for_country_brazil_city_macaubas,06RL9OHMRH72BDQKS8RDOBH5TC
test_media_targeting_geo_campaign_for_country_argentina_state_chubut,U0J9CKJ2E96NL9KMA9H747BQ08
test_media_targeting_geo_media_for_country_brazil_city_macaubas,8U89R66D4P69F44TJ36ID74N1K
test_media_player_small_size_targeting,SK37S94N750QN1JU4IBJJCDB8O
test_media_targeting_geo_media_for_country_canada_postalcode_ontario,VK2PS4I3J549R1CU291PI64T68
test_media_targeting_allowed_app_name_filtered,2E6V9I2RUP7KP3FKP1DVC7QC2S
test_media_targeting_geo_media_for_country_canada_state_ontario_negative,50UPK7LP656AFFCQ3QSJ335780
test_media_targeting_geo_campaign_for_country_brazil_state_bahia_city_macaubas_negative,FESE80GS3T08TE7408E1UC4ECO
test_media_targeting_geo_insertion_order_for_Argentina_postalcode_1896,A14S1S4D2162B2E0U26H071510
test_media_targeting_geo_insertion_order_for_country_mexico_state_jalisco_city_guadalajara_negative,498KU3G68102F4AF1O340C179C
test_media_targeting_geo_for_new_york,BAIDDCS8KP7MV96MME4ADNRF9S
test_media_targeting_geo_campaign_for_country_mexico_city_guadalajara_postalcode_44900,TS1T9H86556TV0UKOK32IFEV4S
test_media_targeting_geo_campaign_for_USA_California_Mojave,8N1FKTIDS51930NQEP6U24KH1S
test_media_targeting_geo_campaign_for_country_usa,45LR4SN6MP63JATIEBJBCN1POG
test_media_targeting_geo_media_for_country_mexico_state_jalisco_postalcode_guadalajara_44900_negative,N1ISEC0V356QV9E760FHIBDFT8
test_media_targeting_geo_campaign_for_country_brazil_postalcode_macaubas,TV9PPF40ND1874SSNI0BMOK32K
test_media_targeting_geo_campaign_for_postalcode_brooklyn_negative,QRA6VGIS4D34R53FO9E26TIDRO
test_media_targeting_geo_insertion_order_for_country_brazil_state_bahia,DJ6SBVKJM12TL3E5VQ9R0TEQTC
test_media_targeting_geo_campaign_for_country_canada_state_ontario_postalcode_M6H_negative,H0AGN4L37H2N558BIAHJO1BIHG
test_media_targeting_geo_insertion_order_for_country_usa_state_virginia,B2NDFOF5VL407BMNS7IVQ20398
test_media_targeting_geo_insertion_order_for_telangana_hyderabad_negative,N5LCAILVIP46LAM59AVPDM3A24
test_media_targeting_geo_insertion_order_for_country_argentina,RJTRFOLQCP1EVETNSAT6CSNF4S
test_media_targeting_geo_campaign_for_region_santacruz_negative,8TA8S77PU539554E3JSV35KI2K
test_media_domain_list_allow_negative,0EESNMIML97Q37EBR9BAKNT1US
test_media_targeting_geo_campaign_for_country_brazil_negative,552NVPNCIH4V51BVSRM992FIK8
test_media_targeting_geo_insertion_order_for_country_usa_dma_washington_dc_negative,UT0G4SUDH169R082EF6OGF4T4S
test_media_targeting_geo_insertion_order_for_country_brazil_city_macaubas_postalcode_46500_negative,J7Q092O3QP4DPD04HC1TCI6SHC
test_media_targeting_geo_insertion_order_for_country_usa,UK9E763ST579L4N3J1UEINKQ98
test_media_targeting_geo_media_for_Argentina_Chaco_Machagai,D5DOGNDHP51E96S8BMOSICN440
test_media_targeting_geo_insertion_order_for_canada_toronto_negative,78O3A6ASOT13BC1L35ECF0HL30
test_media_targeting_geo_insertion_order_for_country_argentina_state_chubut,QRVGFCETSH6UPFO7M7EU8JFC34
test_media_targeting_geo_campaign_for_Argentina_Salta_negative,I0G91T2NNH36584GUHBRO5J2NC
test_media_targeting_geo_insertion_order_for_country_mexico_city_guadalajara_postalcode_44900,C0SJA34OOT3K3E9L1ICCF9Q1F8
test_media_targeting_geo_insertion_order_for_state_Maine_postalcode_04084,88N2IGRIL95DTBH98DPAKEMU70
test_media_targeting_geo_media_for_canada_toronto_negative,SJN0HGQ6451NVBG8OD323CRVA8
test_media_targeting_geo_media_for_country_mexico_city_guadalajara,AMIEA7TPR93A79753USTK1L3I8
test_media_targeting_geo_insertion_order_for_dma_phoenix,89GM1UES9L6G98B0V7E4RF84RC
test_media_targeting_geo_campaign_for_state_telangana_postalcode_hyd,LPG0I69E0508980934N03O4430
test_validated_15_sec_asset_media_duration,M4PTTUUQOD1PLCUUVFDC60SQ0S
test_validated_media_alignment_for_managed_asset,PFBI4FEJT52OL5P27N9UJ1CAT8
test_delivery_automation_media_ad_tag_lmt_pass_values_0,VUDDTMH1SH5AB6MUR8GU8UL5UO
test_media_ad_tag_page_info_empty_values,4AR1U00FP14NTDGV007SG6BU9C
test_media_ad_tag_coppa_flag_set_to_false,0VE3G1MO0P4MD71O0RC0DIB6R4
test_media_ad_tag_us_privacy_law_disabled_Virginia,OTG7S7TTH57IH83U3UUOJVP808
test_us_privacy_law_disabled_bidder_cookie_sync_url_present,OH8E6U1L495BF473F0QI4QLN0O
test_media_us_privacy_law_enabled_audience_targeting_applied,N7TFJLHAR9093ENPQOLDKC4HQS
test_media_ad_tag_geo_info_empty_values,1B8BHDGGK154T45OMO8A06IEB4
test_media_ad_tag_mobile_app_empty_values,DC192MK7AP19R0KHBA3LDCKTMO
test_media_ad_tag_us_privacy_law_disabled_blank_NewYork,3QT86954014GBEK34II01685AO
test_media_ad_tag_us_privacy_law_enabled_california_1NYY,7SDEHOD4R50196N8S6IDJC0KK8
test_delivery_automation_media_ad_tag_lmt_pass_values_1,5LISQD2K5H26F9ED6HA2PP37VO
test_delivery_automation_media_ad_tag_lmt_pass_invalid_values_11,J70S7GEQF94OD0E3O7D7KUC6I8
test_us_privacy_law_disabled_liveramp_cookie_sync_url_present,6VMD4NT6KL5F7B6IBUJAAMNJJO
test_media_ad_tag_us_privacy_law_disabled_blank_Virginia,U38CTGH2RD3CL46EO8HDNHMA08
test_media_ad_tag_session_id_as_device_id,KCKMCQK5C96CPAB6DA2M5R6C9O
test_media_ad_tag_coppa_flag_set_to_true,8P859FQ96155N42KNT4J1MIR64
test_media_ad_tag_device_info_empty_values,AE3GDSVR4T7JV1O6UFTIEBPV4G
test_media_ad_tag_us_privacy_law_disabled_NewYork,7N68UJ88S93IT34F9K4E59PE1C
test_us_privacy_law_enabled_liveramp_cookie_sync_url_removed,0T03OL4E5L4MJ01SAI72Q2B97S
test_media_ad_tag_us_privacy_law_enabled_NewYork,KCDDRD19DD4GF6MTMGKMMM874S
test_media_ad_tag_us_privacy_law_enabled_Virginia,B79SH4DH653KT4U8I6OJ25QEU0
test_media_ad_tag_us_privacy_law_enabled_california,QITU4BIVQD5JBEV25PFT7IPLLS
test_media_ad_tag_us_privacy_law_disabled_california,OOD9VMJGAD2VB6KVR9O575FLDC
test_media_ad_tag_page_info_valid_values,ABEBNLT9LL7IH75RQUKQRFP820
test_media_ad_tag_geo_info_valid_values,8LEC410RB546P7620GDLIQ3CK8
test_media_ad_tag_coppa_flag_set_to_OtherValue,ITM18079ED70NB0K03KN6BGBPS
test_media_ad_tag_mobile_app_valid_values,I7EAG8ON196IL7584CBGKN9AOG
test_us_privacy_law_enabled_bidder_cookie_sync_url_removed,T2A2MEH0TD39F51B78GEN1KN8G
test_media_ad_tag_us_privacy_law_disabled_blank_california,3Q29T9S78145914UKU3K0A2KHS
test_media_ad_tag_device_info_valid_values,4LI13Q4D3D0J990HT26HN49KBG
test_media_us_privacy_law_disabled_audience_targeting_applied,1HN1M1249570TBGR0H24JNGER8
test_got_all_3_media_as_per_adpod_size_and_duration,0JRAH0LNIT00PDL8GARPFS0C00
test_got_two_filtered_media_as_per_adpod_size_and_duration,HQLNB73DNT041ARLJHMRVK20FC
test_media_adpod_max_ads_1_by_ad_min_duration,PCR64DB8DT0K1DJ26LK6VOA068
test_media_adpod_missing_required_pod_tag,TPRHHQ1PJ17CVDOOT0SPHVMFAG
test_media_adpod_with_pod_max_dur_90_media_35s,CIP2OS638D67VCHCE31K6J3VSS
test_media_adpod_with_pod_max_dur_90_media_15s,LMC218U13D07B610KF0HN43LS4
test_media_adpod_vast_version_2_not_supported,S5GCRBPFQ13EV86DLSNT1TNFRS
test_media_adpod_max_ads_1_by_ad_max_duration,7TMG0QTFBL0F1B80DENLQ87GPO
test_media_adpod_is_ads_0_by_ad_min_duration,PB97TL7N9510B4JUQJRKI0G5SK
test_media_adpod_with_only_pod_size,JIFK7STGRL5KP7Q3UEODR2QC54
test_media_adpod_pod_max_ad_dur_90_and_min_ad_dur_15_4m,J4H12EUF0L7JP8GH7F7GARPSEC
test_media_adpod_pod_max_dur_90_and_ad_min_dur_15s,ELCNFQMV2T2Q36BNTBFHF1D1DC
test_media_adpod_without_any_pod_tag,R8098T4P0L3T304KEICGA1UHBS
test_media_adpod_vast_version_4_supported,Q6589ARMGH48J2K4LDR88249QG
test_media_adpod_pod_min_dur_15,FC5H5K0Q0D4F72OIQ0D06Q7J7C
test_media_adpod_max_ads_1_by_size,N6Q78KPC8D4LPD3KACM472AS8G
test_media_adpod_pod_max_dur_90_and_ad_min_dur_15_30s,N1J64SL8MD0QR9J2EAKB6CDD38
test_media_adpod_max_ads_1_by_duration,4PT09NQ5SH3IHEG4RT2U89P8HK
test_media_adpod_pod_min_ad_dur_30_and_ad_max_dur_60_return_2_30sec,VT4P580BQ977D2CIK05T4FJM2G
test_media_adpod_with_pod_max_dur_15_media_10s,8LEBO68DTH3J175S346UPDPG3C
test_delivery_automation_max_pod_size_5_with_5_media_in_pod_1_in_vast,1QFO5H0R8H10D7S2OGDK8OG6IK
test_media_adpod_pod_min_ad_dur_15_pod_max_ad_dur_30_and_ad_max_dur_120,5S4SVMF2A53UV2EFR7H535VFS4
test_delivery_automation_max_pod_size_5_with_5_media_return_in_the_pod,SSIURUSCN92K59FDVE6BKHA2BK
test_got_one_filtered_media_as_per_adpod_size_and_duration,13OQ3RSNS908NCD1TUBU4K4BJK
test_media_adpod_with_only_pod_max_dur,K4EJ0CANCD79J79G65BM7FKPRG
test_media_adpod_with_pod_max_dur_30_media_30s,PCKN6LQ4CP4ALABJAT26D65ALG
test_media_adpod_with_pod_max_dur_90_media_30s,737C16AUHT1HD3M0J5F8UKOMPC
test_media_adpod_pod_min_ad_dur_30_and_ad_max_dur_60_return_30,BVHGTDAE213HF8OEML711HONRO
test_media_adpod_vast_version_3_supported,O8D1E3C4H14VR6GN1M28G2FTOO
test_media_bidder_guid_managed_and_programmatic,FTLM88J2KD4BRAR449HA7E5TLG
test_empty_schain_tag,A1T6KB5F9H32NEJA5INKO1HB60
test_schain_query_param,U5PJGUQ23P1JVCPOFD11TKPV7G
test_invalid_schain_tag,AE3CBAKVV112B1M5LAFVG4H5M8
test_valid_schain_tag,EG6DU6BNET67336V35RNF73H00
test_media_ad_tag_content_info,32SV0DUMA561DEFG6VB5270MV4
test_media_ad_tag_content_empty_info,6AFI290TL55BV7P14GEQJ2LV0S
test_tracker_ad_tag_mobile_info_valid_values,FJ7RRN53D94B53TTRIHMK25IIS
test_tracker_ad_tag_mobile_info_empty_values,5KGIRM40ET1T189DR207F8UG8K
test_delivery_automation_tracker_info_lmt_pass_values_0,CJK3NO57OH2E9A1RS2JS8D749O
test_tracker_ad_tag_user_info_valid_values_MSAI,LC70MUV8A96V13GBFFK54BFG6G
test_tracker_ad_tag_user_info_valid_values_AFAI,59QUA95G1D6FFDF54IO0M77NCS
test_tracker_ad_tag_geo_info_empty_values,CATKM2VVL537PEQB1FVQJ9JSLC
test_tracker_ad_tag_user_info_valid_values_IDFA,OUS0A9PIO95BJE054SPC4ULPNS
test_tracker_ad_tag_geo_info_valid_values,K3Q7GB987T5DRD3O5KK3U6MTE4
test_tracker_ad_tag_user_info_valid_values_TVOS,799F0HTTTL68N4NG8UUURR4B54
test_tracker_ad_tag_user_info_valid_values_CID,HDPB94MPO974RCLKIBCS5VIDJG
test_tracker_ad_tag_user_info_valid_values_RIDA,Q75QQ1124179T2TD0GH21BKUOC
test_delivery_automation_tracker_info_lmt_pass_invalid_values_11,NQ2TGL99DD57T1EOAKKMMAJU10
test_delivery_automation_tracker_info_lmt_pass_values_1,8FPGJDIAV55PRCO9MP5FJQSTLO
test_placement_targeting_blocked_app_name,G9OSMALR154QLCEB5ATGJEDAVO
test_placement_domain_list_block,UEEC4IR4TP5H17629DIES2OGC0
test_placement_targeting_blocked_app_name_filtered,ON59F4LUTL77B2KNIAVERJJL24
test_placement_domain_list_allow_negative,8UD24G2POP63L6H281CSDR1QBG
test_placement_extension_price_wrapper_vast,DHMHD2QNFD48JB8MHDBNNM4914
test_placement_targeting_allowed_app_name_filtered,UL8UOOBB5D1HJ4FCC5LINCOPV8
test_placement_targeting_blocked_app_id_filtered,CM5TKQARKP6DB2UQD5DQCJ6L6G
test_placement_targeting_blocked_app_id,5FR2NBUGND58RDHBLV8BM2KD00
test_placement_global_blocklist_appname,ERL0D0UJIP25DAG6GF9PCL2MSO
test_placement_domain_list_allow,N54Q8DVV4105D2D46VVI0O2MUK
test_placement_global_blocklist_appbundle,1MVR2767EP4NLFTH3J3NCUBQTG
test_placement_domain_list_block_negative,ITH55E89RL1G78IIN44TRGO380
test_placement_targeting_allowed_app_id_filtered,QHC2JKDSPH0IV619Q6UCO09FFC
test_placement_extension_price_inline_vast,CD4E0KSFIT6BL270AE7PF35QQG
test_placement_global_blocklist_domain,49U8C2KFP9795F461A7SK3KILC
test_placement_targeting_allowed_app_id,NUJAOS5IR13599LCE2PDHLIKHK
test_placement_targeting_allowed_app_name,OLA2K6C61H1MV51A3630OSRFQO
test_vast_version_4_0,GG3EB9O18932J1N5KS0K45H964
test_missing_latitude,GMNSQT3SAL6LHBUDEHU5BVAOS0
test_app_name,6R4UPDDGRP4PL2FCMMODTECQUC
test_with_out_query_param_ip_address,LRDI9KNVMT4N56P4QBVRFEBIDC
test_content_cat,815LFH8DE51SN2QNOK6N30UBD0
test_content_title,E29U5RMQ5P66P4V2TRD2S33C8S
test_player_height,M9PI6GVA8T7T1CP38FL4EJUG3K
test_valid_latitude,IDSU7M8JEL431EF3R49NB21GKG
test_blocked_app_name,D83PNGK1PL5P51SROA0SRESIH8
test_pod_max_dur,ELMEQA71DH2T5B7D53GMPLEIRK
test_player_invalid_width,B1N9VCMN9H7C3BKVMBBKPNM1GG
test_pod_min_ad_dur,R8F2QA3BCL73N7HD51LMABHRJO
test_invalid_content_cat,1CGV7TPG293O78FJUSO141S32K
test_valid_longitude,7LQHTBJOTD02BD8ULPSENS15NO
test_missing_app_id,AKQIIF2HNH1LTD997H8RPCQUKS
test_missing_longitude,4J8DFDD1J56QH46NMMGPIJD8U0
test_missing_network_param,L358TK1UI54ND2KEQ0V92EBMDC
test_user_agent_query_parameter,L31UPAQNV11630VCLDBVH4J1BO
test_app_ver,P9NFH3AQ0D6VDBNOHLD07BFMJK
test_pod_max_ad_dur_60_sec,K771E1N62L5MH3GN0RJ1AUR8N0
test_player_missing_width,S11SODQB4L7FR0UC6T5IB3NTNK
test_content_qagmediarating,UN05HHJGOD3VT02OOPOC7DVUTS
test_valid_latlng,V8GCIUAOAD1KR869F5C56SQDDG
test_vast_version_2_0,62DIHSNKS577T6P8UBQE2RJUUG
test_user_agent_header,594CNJU0S155326BPV0E0UIH7G
test_content_series,L99POPLJ290P54SSCQPH4KCIDO
test_content_language,RQ2LT9E0I16RH1AUKN0907DOTG
test_content_episode,TT6O0AE4H91D73C05728KSMJF4
test_content_genre,J7D29VUS8P3856H4VVE4C1K20O
test_channel_param,KNB56UT7A531P5IJFEJL39GSPK
test_player_missing_height,MNRO55CAAL10LDS2IM55BOGA14
test_vast_version_3_0,LKM8VLJQQP4F1B4FQPTDDE7GGC
test_invalid_content_len,D9N40ONLU91EFBI0CBQV4CN7EG
test_content_len,65516001I93D72GJ000P5DMJT8
test_query_param_ip_address,I8GJMD3IPD6KF89R6HPCMJA7JC
test_missing_channel_param,MNR5T134O97NNDIUGHIC43RR4C
test_content_livestream,UIMF68B5L13SJB7J45IQGTU9SS
test_content_prodq,ISLO41MSK11CVAS20REA0SMFKS
test_app_uri,LNB1B7UT912DL5GLJVEKGL6QH0
test_cookie_setting,JGBF6LP1U93RT5NJASGV5LTUKO
test_missing_latlng,TDN249PV5D1DBBH24SVIMOML3O
test_player_invalid_height,A9DATEJEML02R6LEN9NBAC1DDS
test_with_ip_address_europe_forbidden,S05TR4MV5T4TP2UTIBFIU2ES08
test_app_id,57FCPP4FA95E77MCSI7L42N3EG
test_network_param,A7EPLFL2055B57CQNQH02MLIR0
test_player_width,MP0CF7R7QH023067JTJT8C11D8
test_display_placement_rtb_auction_25,SGDB2J0NFP7OD6LH9GBNS7S6R4
test_display_placement_rtb_auction_26,9OLULDRB855HJAVAMTLK32OPH0
test_display_placement_rtb_auction_24,9JIEM75FTP17L97B3INUTOJQ5G
test_display_placement_rtb_auction_23,JLNS0V5CFL3S9BU0FIM7QLU4GK
test_display_placement_rtb_auction_22,A0C7BQUS0P79R63LTFE0DBKTOK
test_example_delivery_ok,JTP8DE713911TCK6N3GHLOGUDS
test_delivery_autumation_RTB_event_content_info,LEIKCJM2K17AH9A69R1A0BL8OO
test_delivery_autumation_vast_RTB_event_impexp_2_6,54V837A8EH6GVFK1JL479N8FSS
test_rtb_opportunity_event_for_sessionid_flag_true,6H8VSGVCT93734FU8FMELHJH5C
test_delivery_autumation_RTB_event_impexp_2_4,40LKEL9TVD2THAQ7AKUVMHEO3C
test_delivery_autumation_RTB_event_impexp_2_5,H15HQTLVVT17J2OTEQVVUOJP1C
test_delivery_autumation_opportunity_event_content_info_negative,TCBFL245V95HR5NQH22VLIOTL4
test_delivery_autumation_vast_RTB_event_impexp_2_5,F24B0SPGD97UT25GECO6KJVE3K
test_delivery_automation_demand_opportunity_event_filtered,S7HVOP7QA55578VSCJT52QIJFG
test_delivery_autumation_RTB_event_impexp_2_6,PORPD7MBU5599DSMJR5V32KK84
test_delivery_autumation_demand_opportunity_event_content_info_negative,VR6VFIABIP73J3FNP55PDRHPG8
test_delivery_automation_demand_opportunity_event,J1UFG9OOCD10LF7O4SC66SGA54
test_rtb_opportunity_event,EOUHU7QJGD273F8V3T9O7P3HCK
test_delivery_autumation_RTB_event_content_info_negative,82ONJOSLDH65PCBPSEAMOB2SCC
test_delivery_autumation_demand_opportunity_event_content_info,P2PSLJTRFH29DCUAPUTNOP4MD8
test_opportunity_event_filtered,0RBVPC6VUP0V35VSM3FVD0FHQS
test_delivery_autumation_vast_RTB_event_impexp_2_4,DM5JS5U90D0932PU2V4G6O4HUO
test_opportunity_event,T4KAQGT1GH69PA5D8EGO9N4SF8
test_delivery_autumation_opportunity_event_content_info,LKMR4U6I054QFBDIF39022D71S
test_frequency_capping_device_id_0000,T80H7LEC9H3JL08JQN64P5PQTS
test_bid_request_mime_type_mp4,QEJ46QHFKL2CL9I3D8NQBP6AVG
test_media_adtag_network_channel,3MBTFSISO55OJ5UNU9EC26S94S
test_media_adtag_network_channel_empty_values,U98EOI1L157B147C90QGIBLGB8
test_media_extension_adomain_wrapper_vast,IUS3GEOU9174LE1O7CF4GVIAVO
test_media_extension_adomain_inline_vast_missing,HB1QL7J3JP5IP0TAJPHPTAPCCK
test_media_extension_adomain_wrapper_vast_missing,65977RHKVL1H54JJTOQFRSOIGK
test_dynamic_media_extension_adomain,61C2ONN0J955T61CBRG9LQIUE0
test_media_extension_adomain_inline_vast,6L0F2N04T55PJ07HBG2EIASPEK
test_dynamic_media_extension_with_two_adomains,L8NVLQ0BQ51I7BVQT05T38P330
test_should_not_block_media_because_not_sent_blocked_advertiser,J5E37S1LET4IF71JU0QNF697BK
test_should_not_block_media_because_not_matching_blocked_advertiser,0A04B7Q5QD1B3025JT2T68LHPC
test_delivery_automation_blocked_advertisers,6HGRMO93950ER8DRC4HKJ47D7C
test_should_block_media_because_not_informed_blocked_advertiser,QR6R5QRFOD4LP3DITDNS6QASAO
test_multiple_max_imp_objects_size_10,2EQKCN9EHL1T3DA6BKN8RKUHH4
test_multiple_max_imp_objects_cap_size_4,FOP7KFIJ8913HCJQ7P9K4SHOJC
test_multiple_imp_invalid_bid_response,D7GPE7N5A12V78CN3RIL01FJJS
test_multiple_imp_more_then_one_impression_bid,ESM7SFT55D3OLB3U7UIIN5SAC0